Actual,Predicted
9,10.3
97,51.35
13,8.15
11,11.25
24,19.1
14,9.55
15,12.5
15,14.75
13,14.4
42,29.0
9,7.8
47,43.1
2,3.25
59,60.3
37,32.6
37,30.4
90,96.4
27,25.7
34,38.2
42,43.0
19,19.05
9,7.7
91,83.9
19,16.15
9,6.2
10,6.8
9,8.0
9,11.15
14,11.35
27,25.5
7,5.95
15,14.7
23,25.75
8,9.25
12,12.15
6,5.65
8,8.7
6,8.95
20,17.35
113,116.0
5,5.8
22,28.2
36,30.05
46,43.65
52,53.25
9,10.55
18,16.65
7,5.7
47,47.65
10,13.2
4,5.1
18,21.65
15,14.1
26,25.0
86,89.5
17,19.7
8,11.35
6,5.9
59,59.0
28,25.55
16,14.6
5,5.2
1,3.3
4,5.7
25,22.45
34,40.1
6,4.95
9,7.95
12,5.95
22,16.9
47,46.0
34,36.25
9,9.05
5,7.15
33,35.1
72,70.25
21,19.55
19,18.1
4,3.9
16,14.75
35,36.75
30,24.9
13,17.25
16,13.95
12,12.6
19,19.7
7,8.5
34,35.5
51,48.4
28,23.85
61,63.95
21,21.55
5,14.85
14,13.7
20,22.2
10,8.8
3,10.05
6,4.35
16,19.7
31,39.2
35,30.45
16,17.6
32,28.3
2,3.45
9,9.3
9,11.55
63,58.0
31,33.8
6,4.3
14,15.05
7,10.6
54,48.6
85,72.1
13,10.45
14,13.8
17,22.8
6,6.2
5,3.6
17,13.15
17,18.5
10,14.7
6,9.95
6,7.85
4,3.3
42,40.9
4,4.3
23,21.45
26,24.4
55,58.35
9,9.9
8,7.6
19,15.05
17,16.85
7,6.0
55,59.05
6,4.35
7,6.75
16,13.15
4,5.0
44,44.85
46,47.25
6,4.55
10,6.1
68,69.9
6,5.8
9,8.0
55,50.9
25,24.35
13,10.25
6,7.15
55,58.45
26,26.4
7,10.5
20,17.3
50,51.4
13,12.5
9,9.85
115,105.95
54,58.8
42,39.45
9,9.95
54,54.1
58,61.15
31,30.25
30,29.1
19,19.6
72,69.1
15,16.45
10,9.25
5,10.9
11,7.5
13,15.25
5,6.5
15,14.95
25,24.85
8,5.35
45,43.9
8,9.45
5,4.2
11,16.0
32,18.7
9,8.7
5,8.6
7,3.05
53,50.9
10,11.55
38,44.25
53,51.75
21,25.5
16,14.9
19,19.35
31,35.5
20,17.45
12,10.35
21,12.55
2,3.9
7,4.9
14,14.0
8,8.25
68,69.6
30,30.1
57,54.7
12,12.45
74,70.0
25,25.55
53,51.3
9,7.2
7,10.9
7,7.8
18,16.75
45,35.2
5,6.6
50,50.4
10,13.45
7,5.95
11,11.8
9,10.35
10,11.3
13,12.1
16,18.55
13,11.1
8,11.9
78,79.4
5,7.1
6,8.15
13,11.35
6,8.4
69,72.5
27,30.65
30,29.2
9,6.6
2,3.9
49,51.95
7,6.25
19,16.4
20,16.15
29,26.95
16,13.9
91,91.5
9,6.0
16,15.6
11,8.85
22,25.25
22,16.85
27,28.15
59,58.45
8,7.25
8,11.4
6,4.3
18,19.05
3,5.55
25,23.85
14,11.7
9,8.0
19,20.75
28,28.4
21,23.45
9,6.0
16,10.5
20,21.15
14,11.9
14,13.3
26,25.5
16,16.7
12,13.4
19,17.75
47,53.05
37,38.3
7,10.3
7,8.4
43,42.5
17,18.35
5,8.0
15,19.7
4,6.2
54,53.05
19,18.95
86,82.55
35,39.1
18,16.25
82,73.75
53,54.55
12,9.25
22,25.1
7,5.9
24,22.2
7,11.85
16,15.0
17,22.8
14,16.5
11,7.85
65,69.75
10,7.75
51,57.6
30,31.9
9,8.65
3,2.95
28,24.1
11,9.3
32,28.4
18,21.9
26,22.0
25,23.0
11,14.75
9,8.9
6,9.25
29,31.2
16,26.25
8,4.85
56,56.55
26,22.9
60,61.8
15,13.8
25,23.7
23,28.35
20,20.8
18,18.75
18,15.15
24,22.8
27,32.8
10,11.7
32,31.4
10,9.05
63,58.5
10,9.6
21,21.55
5,4.8
8,7.65
9,9.6
29,31.15
19,22.0
4,9.5
32,31.45
50,53.0
5,8.65
9,9.75
7,7.05
29,30.4
2,4.8
19,16.05
7,4.5
33,33.8
6,5.55
31,45.75
34,35.25
13,11.7
13,16.65
18,16.85
12,8.65
57,58.25
2,4.6
18,17.55
32,34.2
19,16.85
6,10.6
44,41.7
5,7.2
6,6.7
17,18.5
3,4.15
16,14.05
10,9.5
16,16.75
20,19.7
16,20.95
11,12.85
50,57.4
8,6.7
37,43.4
28,29.85
16,16.65
5,4.35
15,13.6
5,4.35
19,21.2
14,13.65
86,83.75
7,12.6
16,13.7
55,56.85
88,92.45
27,26.05
9,9.75
22,21.5
31,25.85
40,42.95
44,49.2
26,23.0
17,14.65
19,18.85
12,11.35
17,13.2
9,11.9
15,17.25
37,40.65
19,8.8
8,6.2
14,12.35
19,18.05
9,7.85
5,6.1
12,12.55
36,34.9
18,20.45
25,26.9
39,39.3
13,12.95
5,3.7
59,53.05
16,17.9
3,7.05
17,17.6
66,62.95
13,12.8
15,17.05
22,20.0
28,30.7
13,8.65
9,16.1
36,35.9
19,17.1
62,64.4
6,6.1
24,30.25
94,95.45
8,8.9
68,60.05
17,16.2
73,74.65
15,14.0
9,7.8
38,41.9
17,17.65
6,5.55
95,95.0
15,14.2
8,9.0
5,5.3
25,24.9
11,14.2
16,18.75
18,18.65
19,18.55
35,33.25
6,7.05
27,30.65
173,148.75
12,16.2
63,63.0
27,29.2
5,11.15
25,24.5
13,13.7
45,40.15
75,79.7
22,14.9
8,8.25
8,8.2
11,12.5
13,12.0
7,9.1
8,6.6
30,34.4
13,15.1
43,56.8
8,9.55
38,38.7
12,9.5
9,7.2
63,64.1
16,16.65
5,5.05
34,35.65
35,34.85
14,13.9
8,6.65
16,16.7
2,12.0
9,8.1
24,25.95
15,13.1
8,8.45
54,53.05
21,23.15
4,5.8
20,31.4
19,17.6
41,43.05
4,7.4
6,5.8
7,5.75
7,10.95
29,24.0
1,3.05
11,12.05
11,12.15
10,12.25
7,9.6
9,9.15
69,61.85
11,8.35
15,14.2
17,12.35
16,15.7
4,5.75
30,30.9
6,7.05
6,8.7
7,4.9
7,10.45
17,16.4
6,7.15
6,3.6
9,10.45
13,12.4
5,5.9
24,18.9
13,14.3
12,10.6
24,22.65
14,9.65
4,4.2
21,18.1
9,10.5
9,5.9
17,14.55
7,3.2
22,27.3
16,15.95
34,36.95
14,17.75
9,10.65
9,12.6
58,54.15
13,10.1
33,28.9
20,22.3
47,43.7
15,14.75
5,7.7
15,11.35
23,23.7
42,39.35
73,73.1
9,14.25
5,3.9
20,21.35
59,44.5
39,40.45
11,12.95
35,32.6
14,11.65
6,6.15
38,38.15
9,6.6
29,27.25
49,49.2
16,16.5
20,20.65
34,27.7
4,4.35
8,7.5
77,76.55
11,11.6
14,20.85
21,25.15
13,12.4
12,14.1
38,38.3
2,5.7
31,27.95
47,45.55
45,44.4
11,11.15
89,91.05
17,16.05
84,80.15
6,8.6
8,4.9
11,8.4
22,20.8
7,9.3
45,43.0
10,5.75
9,11.25
27,29.15
12,19.75
32,30.05
36,28.6
14,14.6
16,18.2
46,40.45
4,8.0
16,14.95
18,20.5
5,8.4
35,38.0
40,32.35
36,33.2
16,16.75
7,5.15
7,9.4
45,44.9
12,10.95
41,41.25
13,16.1
4,4.35
83,82.3
31,32.95
81,70.8
5,4.25
12,12.65
7,4.1
8,6.2
9,9.4
35,43.8
17,17.55
21,19.15
26,24.1
31,28.8
5,5.5
15,15.4
41,43.35
17,20.35
18,17.85
12,15.3
22,22.2
54,54.25
9,12.7
53,54.65
9,7.2
10,13.3
54,50.75
28,27.2
19,18.55
60,52.0
12,11.2
43,28.65
14,15.6
35,38.25
16,27.4
30,25.95
10,7.95
81,82.25
8,6.55
15,10.7
44,48.3
12,13.9
63,60.1
17,16.25
42,43.65
8,7.1
14,12.15
58,55.5
17,18.85
5,5.4
20,21.3
17,14.65
5,5.75
4,3.15
7,8.45
14,12.35
11,11.95
18,18.3
4,6.65
29,28.3
50,47.7
11,8.3
64,64.3
20,19.2
9,9.85
34,32.3
18,21.6
4,4.8
54,55.6
27,25.65
10,10.3
15,17.6
8,8.0
14,15.3
10,10.35
29,27.7
6,8.65
6,4.0
8,9.85
15,16.55
6,5.7
7,5.65
7,6.05
9,12.5
6,4.55
22,16.55
13,10.25
6,5.45
11,11.65
19,21.1
6,8.1
11,11.4
9,6.65
11,14.2
10,5.15
19,19.95
27,34.55
36,32.5
20,23.25
17,18.7
15,15.05
24,21.45
18,17.2
2,9.45
19,17.15
14,10.25
9,11.55
10,7.95
16,12.8
10,12.8
8,8.1
8,6.8
10,9.3
12,13.6
14,12.05
8,7.0
64,65.7
7,5.2
7,9.2
8,6.2
9,7.8
9,8.05
6,5.3
97,98.05
8,9.45
8,7.15
32,35.5
23,19.4
23,26.05
14,11.35
35,36.0
21,24.05
12,9.5
27,24.0
5,3.6
18,19.25
15,16.85
11,10.55
11,9.75
40,43.7
70,68.75
11,17.0
31,30.6
7,9.8
18,18.8
11,8.65
17,18.2
2,3.1
18,16.65
16,17.05
14,11.4
5,4.9
21,23.75
48,50.85
19,21.55
6,7.85
16,14.0
67,69.2
13,15.25
25,24.7
9,9.95
20,16.75
20,17.55
7,6.6
113,111.45
13,7.65
21,18.3
18,20.95
9,11.4
15,12.7
12,9.45
38,33.85
56,56.6
6,4.65
15,17.75
9,7.25
28,25.35
8,7.3
11,12.1
59,55.05
6,8.0
8,10.9
6,11.65
7,7.9
16,12.25
22,19.3
25,25.0
13,12.15
6,7.3
8,7.0
9,8.7
53,52.75
92,89.85
8,8.7
8,6.95
20,19.35
14,12.5
28,31.45
7,6.8
4,4.05
14,13.8
12,12.95
17,19.9
12,12.15
3,3.1
13,15.4
12,11.4
7,9.3
7,7.3
35,38.6
10,9.4
10,11.95
48,49.25
22,23.15
11,10.35
3,5.35
38,36.7
18,16.95
5,8.8
20,26.6
42,20.45
28,24.35
37,42.5
45,47.1
57,54.1
26,26.2
50,48.15
13,17.1
30,29.6
8,9.0
15,16.6
28,28.95
7,7.95
28,27.55
5,7.25
8,7.3
11,16.55
45,40.95
6,6.5
6,7.55
20,19.65
6,5.35
35,35.55
26,26.0
12,13.95
13,14.7
12,12.25
21,26.7
60,45.75
50,48.2
30,28.45
8,6.4
23,17.45
7,9.7
18,18.5
56,54.15
10,9.2
16,17.45
10,8.25
7,7.7
11,11.25
7,7.3
31,28.2
10,9.0
45,42.35
20,18.4
13,12.65
10,11.5
45,46.45
25,24.45
6,3.65
7,7.45
9,9.75
36,40.05
8,5.6
12,12.85
6,6.75
47,55.5
89,84.65
14,15.15
31,27.75
5,6.65
3,4.75
7,10.8
11,8.95
30,25.95
7,10.85
39,32.35
5,6.7
68,73.35
72,73.95
17,15.2
22,15.3
10,8.85
12,13.95
39,36.05
5,4.85
12,9.6
42,39.85
20,20.5
31,31.5
66,54.35
9,8.55
15,18.05
9,11.75
41,40.25
3,5.0
9,11.15
4,4.65
22,20.6
5,6.7
27,28.9
9,8.1
23,22.0
47,41.4
35,33.2
16,18.05
28,27.4
46,58.85
14,12.6
8,7.05
8,9.9
15,13.5
16,14.9
14,14.6
37,39.25
61,62.4
15,12.0
10,8.85
19,20.7
31,31.95
24,23.4
48,50.05
52,48.15
10,19.65
17,15.5
54,53.25
10,9.95
14,15.6
8,5.25
16,15.5
10,9.85
18,20.4
11,7.6
16,12.45
18,19.45
75,78.4
30,29.5
11,9.45
21,25.4
19,21.45
100,99.8
9,7.05
8,9.0
53,51.05
26,31.75
55,56.0
7,6.15
12,13.35
17,15.35
76,74.25
33,32.6
13,9.85
14,12.85
60,63.45
6,5.95
13,13.45
50,46.5
49,45.3
30,32.6
73,75.2
58,52.15
23,19.2
20,20.6
5,8.35
10,9.8
14,16.2
15,17.55
88,76.65
27,26.1
30,30.35
23,24.0
11,9.35
63,65.0
54,51.85
6,5.8
18,19.8
10,11.95
90,84.75
11,10.1
53,55.65
12,12.0
7,5.9
31,32.45
54,52.75
19,18.4
10,9.9
9,8.8
8,6.5
17,15.35
14,14.85
11,9.0
23,30.75
9,6.8
17,14.1
19,20.05
52,46.5
48,49.05
8,8.85
24,27.6
10,7.45
21,22.05
14,14.55
5,6.55
13,12.05
7,7.35
17,13.6
25,22.95
51,45.2
12,10.0
10,8.7
19,28.55
4,4.25
14,12.2
9,5.75
17,16.75
8,9.95
39,61.0
17,13.85
13,11.15
10,7.75
7,5.05
8,9.9
9,17.2
13,15.05
10,12.6
5,6.9
14,15.0
30,29.15
13,14.6
10,14.4
31,32.3
41,43.5
17,18.2
6,4.1
13,13.6
18,14.6
7,7.2
21,21.5
5,8.3
5,5.3
58,54.6
2,3.9
31,31.2
9,8.55
7,9.9
10,10.05
8,9.3
10,11.2
8,9.8
7,6.6
28,33.55
9,6.95
13,21.5
24,18.2
30,36.25
41,41.15
4,5.95
3,3.6
7,6.5
68,58.5
6,6.95
63,67.15
19,22.0
53,56.85
7,9.15
3,5.7
59,57.6
41,37.1
8,9.85
14,12.6
26,25.25
9,10.15
39,38.6
5,4.45
44,45.5
17,16.85
17,20.3
9,10.4
85,88.3
9,11.0
29,29.6
5,3.45
8,6.7
13,11.2
39,40.8
11,13.7
82,82.55
4,5.1
28,27.8
10,5.9
9,8.7
7,8.55
29,33.65
3,5.6
30,27.4
7,4.65
14,12.75
44,44.25
12,10.6
30,30.5
36,38.7
19,19.1
4,5.0
18,13.3
25,23.3
14,14.3
9,7.6
9,10.5
4,4.55
9,5.4
6,7.1
28,29.05
5,5.9
12,11.7
31,33.7
15,15.4
9,8.1
8,10.1
34,35.1
12,11.65
3,4.8
9,5.0
6,4.8
84,94.35
3,7.35
11,7.85
33,28.3
13,12.65
55,51.8
54,55.15
41,44.8
15,11.25
62,58.8
6,7.25
10,12.35
66,68.9
8,7.75
16,15.95
23,21.3
16,18.85
13,17.3
9,6.65
4,2.95
4,3.35
39,38.2
8,11.1
5,4.35
34,34.0
38,30.15
13,9.15
9,10.1
7,11.55
9,7.6
43,49.55
11,11.4
6,6.0
55,58.15
6,6.6
5,6.15
75,68.95
17,17.35
13,11.7
14,13.25
16,16.85
10,15.8
53,51.75
7,7.05
21,18.15
10,11.9
9,17.25
6,8.45
5,3.25
23,20.5
6,5.35
8,6.15
65,68.15
1,4.95
12,10.95
10,9.05
72,67.8
11,8.55
39,40.9
17,18.3
28,31.5
30,28.35
12,16.2
6,5.95
23,21.6
70,57.25
20,20.7
32,29.35
9,8.25
77,104.7
23,24.05
17,15.2
16,17.05
9,9.1
45,45.2
35,36.95
67,66.2
24,17.65
13,12.8
15,11.05
21,20.7
83,79.95
43,41.3
5,6.65
7,5.9
10,10.35
65,74.65
6,6.4
4,6.3
14,10.95
2,2.95
18,16.25
4,4.7
10,9.9
17,15.15
19,21.75
39,43.5
10,14.35
5,3.55
60,56.45
8,6.9
19,18.15
6,6.4
8,7.15
22,21.0
6,5.4
26,23.15
25,27.5
4,5.7
13,12.3
19,15.15
8,10.5
31,29.35
39,27.1
30,25.3
5,6.1
10,8.45
35,34.35
16,12.95
1,3.3
4,3.8
7,10.1
7,7.65
79,68.8
10,9.25
5,6.4
6,5.45
19,16.1
27,28.65
49,47.95
10,16.0
19,14.3
42,40.15
13,17.15
6,11.7
24,28.2
9,11.0
3,5.8
26,30.75
6,5.35
94,89.8
8,9.55
10,8.05
19,12.9
27,25.75
18,21.4
8,6.7
10,7.2
8,7.25
9,7.0
9,9.45
4,4.15
43,41.35
68,66.45
28,31.2
5,4.5
12,11.15
67,75.85
30,25.65
52,53.8
20,19.95
24,24.9
53,60.15
8,7.85
19,22.6
30,31.95
34,35.05
14,15.55
16,11.2
36,37.7
68,67.55
122,112.65
6,5.85
86,92.35
19,16.35
8,10.05
6,7.65
20,19.1
14,14.5
34,30.25
26,24.75
22,19.55
7,6.3
6,7.4
3,5.65
8,5.85
13,17.85
27,24.1
21,21.1
55,52.35
8,11.5
8,9.0
28,31.2
13,9.5
13,14.05
79,81.15
25,30.2
7,11.3
5,4.85
11,8.1
7,10.15
10,8.65
4,3.05
6,12.0
51,49.9
13,13.05
20,21.3
3,2.7
50,42.8
9,11.35
6,4.5
34,36.6
66,52.95
9,10.45
8,6.35
56,49.45
82,84.45
15,10.45
5,6.6
67,66.6
54,58.3
21,23.85
36,32.3
28,29.6
30,32.05
79,28.1
12,15.65
4,5.05
28,29.95
36,40.0
17,16.0
29,28.05
4,5.15
8,9.3
4,5.0
4,6.1
83,70.45
19,16.0
15,11.5
10,11.15
46,42.7
12,10.4
12,13.05
32,35.3
20,17.4
10,9.1
54,57.4
15,17.8
6,4.45
17,16.65
45,41.65
6,4.3
12,11.65
15,14.65
18,17.1
19,15.95
16,17.05
9,7.3
45,46.0
15,16.95
12,17.1
8,9.6
29,26.4
22,19.4
12,11.7
5,7.05
46,38.8
8,5.6
12,14.6
19,18.9
18,25.15
24,27.5
19,18.35
6,8.9
12,12.4
25,24.7
15,18.35
6,8.95
9,6.6
7,7.0
39,36.35
59,59.45
16,17.5
7,7.35
46,47.45
15,12.8
20,20.8
8,8.0
33,32.95
38,38.6
3,7.8
21,20.85
46,43.2
19,18.0
8,7.5
15,20.4
47,49.2
9,8.25
21,20.3
10,9.15
18,17.4
7,7.1
8,6.2
41,33.85
14,11.5
10,7.65
10,10.45
32,31.0
40,44.65
18,13.55
23,21.8
8,7.45
23,25.7
57,52.85
25,31.95
10,8.4
51,53.95
35,31.8
21,26.1
15,11.35
9,9.75
27,27.2
25,22.05
7,6.2
100,104.55
42,45.7
2,4.45
7,6.6
17,15.45
14,13.75
22,21.75
55,54.85
16,14.85
65,48.7
16,17.15
7,7.6
4,3.2
7,6.7
53,52.65
85,87.0
8,5.55
13,17.95
30,28.7
6,5.55
62,59.85
15,16.15
2,5.9
50,51.05
8,10.65
7,10.15
32,31.5
31,35.2
16,14.0
69,64.9
22,21.55
51,51.4
7,6.45
14,19.05
9,6.8
20,14.85
5,8.05
40,42.95
13,16.55
26,21.6
5,1.3
6,6.1
7,7.7
4,3.75
13,9.25
15,16.55
39,35.7
9,8.7
39,33.15
14,12.1
13,16.0
39,40.55
40,35.6
6,4.6
29,32.85
13,9.5
60,62.25
15,12.95
7,9.9
50,44.1
8,6.35
7,4.5
57,54.85
39,42.4
32,29.0
54,52.45
4,2.8
11,13.5
3,7.9
61,60.0
15,12.55
12,13.3
28,27.45
27,24.75
89,85.6
13,9.65
25,22.3
16,14.45
82,80.9
55,60.05
14,16.3
19,20.8
9,7.25
62,58.5
13,14.25
42,39.55
11,5.9
40,40.1
13,14.15
13,19.2
19,19.55
28,28.9
32,37.7
10,8.2
5,5.1
11,8.05
5,7.05
33,33.55
10,9.9
19,17.7
6,7.9
80,78.55
6,7.8
9,11.1
48,49.9
11,5.75
5,6.4
18,19.05
4,3.65
59,46.35
42,49.55
20,17.75
23,19.05
9,8.8
19,13.8
15,15.1
40,47.0
36,42.45
21,25.8
5,7.1
29,28.8
15,11.35
22,25.6
15,17.8
17,15.55
12,9.55
7,6.35
37,37.95
17,14.3
19,17.7
6,5.65
15,17.35
6,6.35
5,5.05
7,7.05
36,21.6
8,6.95
15,12.55
38,35.95
7,8.75
9,12.85
5,4.35
12,10.4
57,53.15
41,42.3
8,11.75
47,45.05
23,21.35
6,8.85
70,67.4
12,9.95
79,77.2
8,5.35
70,75.35
15,14.5
27,20.45
35,32.85
108,107.2
14,11.75
75,72.9
5,10.7
8,8.35
5,5.9
8,8.5
6,5.15
18,19.8
6,6.6
33,28.15
26,21.5
19,20.0
12,16.05
46,45.85
38,38.9
18,16.55
22,28.8
12,8.5
9,9.4
16,18.7
19,8.6
14,9.4
22,20.65
7,4.7
10,12.25
13,13.8
10,12.5
6,3.3
8,10.75
19,17.85
60,56.5
21,19.45
7,8.75
68,66.4
51,49.65
23,24.3
4,6.45
25,29.9
42,39.75
17,17.55
91,87.7
30,23.95
17,20.1
14,14.55
6,6.5
2,4.15
22,23.05
11,12.55
17,16.8
16,13.85
12,11.05
7,9.1
13,15.15
6,4.2
31,34.85
15,14.1
36,35.25
2,3.9
12,8.9
4,6.35
64,59.3
8,8.8
45,41.35
14,18.45
8,6.9
14,11.7
9,15.8
3,2.95
13,12.5
62,60.55
26,26.8
9,9.95
4,5.05
10,6.75
7,7.55
15,13.55
6,7.05
5,3.25
9,4.0
16,14.8
41,42.0
8,10.25
13,11.4
18,16.8
58,64.9
42,47.6
13,8.9
12,17.7
43,44.35
26,23.9
9,12.45
3,2.9
8,8.5
9,14.1
114,106.85
16,13.95
16,13.5
28,30.35
20,30.2
22,20.6
7,8.8
35,32.65
72,69.7
14,13.2
14,13.15
6,6.2
61,61.05
24,29.55
29,30.25
5,7.2
14,18.25
19,19.3
12,9.85
10,9.9
20,23.25
5,3.85
10,11.7
11,7.7
63,58.55
33,32.1
5,2.65
45,41.25
11,9.05
9,8.95
32,32.0
17,19.45
13,10.0
53,54.2
19,19.15
7,9.05
13,14.95
34,36.95
8,9.0
14,9.65
4,9.55
15,15.85
7,5.9
10,10.6
9,9.1
12,12.65
25,19.9
15,12.4
7,6.4
22,22.65
11,9.55
11,11.4
9,7.8
23,18.5
27,28.4
4,6.35
13,13.15
17,16.75
9,7.25
65,65.4
15,9.15
46,45.9
3,3.0
44,39.75
12,10.85
10,13.25
74,67.75
14,14.5
18,21.7
7,10.4
47,45.8
27,27.95
31,33.6
8,9.3
7,9.9
85,90.0
5,6.7
5,6.4
11,11.65
8,7.9
15,15.35
14,13.35
12,16.3
27,31.6
18,27.9
26,29.05
34,31.25
72,76.85
3,4.0
8,7.85
17,15.0
16,19.5
12,9.8
5,7.35
37,32.3
10,11.3
16,11.85
12,12.0
38,38.15
11,9.15
9,6.75
89,83.65
11,9.45
13,13.0
31,31.9
19,20.1
24,24.05
14,14.3
8,7.25
43,43.05
66,65.2
25,27.5
22,25.15
11,14.55
73,66.45
30,32.95
45,45.05
27,27.85
54,62.7
55,51.15
4,5.4
16,13.65
17,14.0
6,4.5
74,70.85
15,13.25
17,18.95
10,10.45
63,70.5
14,22.35
9,8.45
5,4.65
51,50.55
19,17.05
13,12.35
5,8.15
24,20.35
8,6.55
26,25.4
60,57.85
28,22.0
3,3.85
88,88.1
6,4.7
10,8.6
6,10.75
15,15.3
4,4.1
19,17.8
78,77.65
15,20.85
39,38.2
13,11.2
9,12.6
8,5.6
16,14.3
6,7.4
14,10.65
32,41.35
17,14.65
45,46.2
92,95.35
11,14.3
9,18.35
4,2.75
7,7.7
9,10.75
11,10.3
9,9.6
10,7.15
5,5.0
28,32.55
54,54.35
18,17.0
2,4.75
24,19.0
6,7.4
19,16.95
11,9.45
27,27.85
54,55.5
18,17.5
17,17.25
13,9.8
31,30.8
31,27.3
51,49.15
27,26.55
18,17.55
55,51.7
10,13.5
21,21.65
19,19.0
29,29.35
8,6.15
16,16.75
3,3.55
49,46.95
4,4.4
16,17.3
4,5.45
11,10.85
60,58.85
13,10.2
6,9.6
7,11.55
47,67.2
6,3.8
27,31.9
48,49.05
8,6.3
14,11.05
20,16.7
6,4.4
17,9.6
25,25.5
36,36.25
18,16.65
4,4.9
4,5.45
29,32.1
53,50.35
59,59.2
22,26.7
5,5.55
28,28.05
52,55.9
11,6.6
59,60.65
15,13.8
6,7.1
19,19.2
14,12.1
17,20.6
26,27.3
37,32.9
79,87.35
22,24.65
5,5.65
36,27.3
12,16.0
7,8.85
47,46.3
44,41.4
115,105.4
18,17.05
4,4.95
14,11.85
42,40.4
5,6.45
14,15.35
13,17.4
14,15.7
14,13.25
9,8.15
17,15.35
25,24.55
9,9.65
8,6.05
88,88.0
11,7.95
74,82.25
23,22.05
8,9.05
17,19.35
18,14.2
22,15.55
9,4.35
8,8.45
9,8.55
57,56.6
15,10.9
30,29.7
5,3.6
12,8.75
47,45.4
6,10.2
19,14.9
80,78.0
11,14.85
15,10.8
12,11.9
4,3.25
26,26.65
16,15.9
8,8.65
4,4.4
13,15.1
22,19.4
15,15.05
30,30.65
102,83.8
13,14.05
21,16.6
10,7.9
7,9.2
48,48.65
22,18.3
9,8.85
95,88.7
24,27.85
2,4.35
17,15.85
18,18.15
20,17.0
14,8.65
15,12.05
5,4.15
7,9.1
19,17.9
93,95.55
3,4.65
6,7.35
45,43.85
22,25.15
11,13.0
13,11.2
4,6.8
27,33.2
16,18.95
8,9.65
54,52.45
4,3.8
21,22.05
14,14.05
46,47.7
19,18.45
24,18.75
11,12.7
30,32.75
4,5.85
33,35.8
14,17.05
6,6.25
12,9.35
12,12.95
14,15.7
24,27.9
43,48.75
11,8.5
14,13.2
39,39.7
58,61.3
8,8.0
45,39.7
33,36.3
15,13.6
102,98.2
37,37.6
9,8.1
58,57.5
5,3.6
26,18.0
11,14.5
7,4.7
8,5.8
29,27.25
16,17.45
7,8.75
45,41.75
12,9.2
19,17.95
5,5.2
18,17.8
4,2.75
6,6.95
69,65.45
14,20.8
77,73.6
19,24.05
42,41.1
21,26.8
7,5.2
20,22.2
8,8.7
26,21.95
87,76.1
83,82.35
3,5.65
15,15.7
33,37.6
17,15.85
7,8.1
5,8.65
14,15.3
6,5.6
7,9.25
19,16.0
10,9.8
7,6.15
33,37.8
15,17.35
31,29.7
10,13.2
5,5.45
2,5.25
37,38.7
10,9.6
4,6.0
8,9.2
74,78.05
20,20.05
15,14.75
35,32.95
5,7.25
9,8.5
9,9.75
7,7.6
24,23.85
52,54.55
4,2.95
9,10.85
98,99.15
31,33.55
18,28.95
61,57.8
8,10.7
3,4.45
31,28.4
61,63.05
54,50.45
5,8.2
15,17.05
7,9.05
50,50.95
9,13.7
15,12.55
7,9.7
12,9.2
8,11.5
32,27.95
18,19.2
3,6.3
10,8.75
21,17.15
10,10.2
75,67.95
35,35.4
29,31.7
7,9.25
8,8.1
26,28.25
8,9.7
11,15.9
27,27.5
55,48.2
20,22.4
14,15.75
11,12.45
5,6.3
14,14.95
15,17.4
13,14.0
31,29.6
102,99.4
9,9.0
9,9.2
14,14.35
8,6.25
14,15.4
74,74.15
7,7.45
20,22.15
5,6.6
62,59.85
3,3.3
34,35.7
4,5.3
19,18.6
19,17.25
19,19.3
12,7.15
18,18.55
35,38.1
15,15.4
4,4.4
57,63.75
10,11.2
26,24.95
23,15.95
7,6.05
59,58.8
14,12.4
55,52.05
5,3.45
10,10.3
21,18.5
12,12.6
4,6.95
10,11.0
7,6.9
29,20.3
18,17.75
19,21.45
14,17.65
27,27.1
12,14.3
6,7.3
45,52.85
10,10.4
8,8.8
3,5.55
17,18.55
32,33.05
24,37.05
14,11.8
22,25.4
2,3.9
81,77.95
26,27.8
38,43.05
83,83.15
8,7.95
12,14.6
10,10.0
15,14.9
110,131.15
4,7.1
28,24.3
55,49.6
33,36.9
29,24.5
59,52.0
51,48.05
84,78.35
10,10.9
48,44.5
19,17.0
39,42.7
32,25.7
11,10.15
18,21.1
35,35.35
8,10.05
10,14.05
37,29.2
17,20.75
7,6.55
10,9.2
13,12.9
38,41.0
9,10.7
9,14.75
15,17.5
20,19.45
23,21.35
16,13.35
10,6.0
32,32.7
5,6.0
39,41.1
58,53.8
28,22.9
32,34.65
56,57.25
73,71.4
41,36.25
10,11.25
14,15.0
31,30.85
13,13.45
31,30.45
14,10.1
8,8.6
35,32.55
35,34.85
15,22.0
13,9.3
25,25.9
20,22.05
17,17.65
26,27.15
3,7.95
86,83.1
65,64.25
18,21.45
27,19.7
37,42.5
17,17.25
10,9.6
11,12.15
5,2.7
31,30.1
14,17.45
20,21.25
8,9.45
5,5.25
41,38.7
25,25.1
15,13.85
16,17.5
7,6.95
39,35.25
5,9.75
2,4.45
33,33.85
41,39.45
15,21.2
92,84.4
10,14.45
23,23.55
21,17.5
18,21.8
16,17.1
4,7.25
45,47.2
12,15.05
27,27.75
8,11.2
6,5.9
14,10.6
10,11.45
16,14.4
29,28.65
15,12.3
8,11.25
10,7.25
23,27.95
12,12.3
51,50.95
7,2.95
12,13.9
22,18.3
47,44.85
12,16.85
25,19.55
34,41.8
9,7.3
95,90.55
8,9.85
5,7.15
11,10.15
42,42.4
16,15.15
19,18.5
11,12.35
77,76.35
61,58.85
8,11.35
35,32.1
7,9.25
13,10.85
54,58.15
29,32.5
7,5.85
23,21.05
19,18.5
7,12.3
15,12.3
13,14.1
9,9.25
5,5.4
5,9.1
24,30.05
9,11.6
6,11.5
52,48.85
29,19.95
65,61.5
77,77.0
60,62.05
22,22.5
48,42.05
44,40.6
10,7.8
4,8.65
41,45.7
10,9.7
24,24.4
23,11.85
19,20.1
27,25.7
25,24.15
22,21.45
41,43.25
4,6.2
10,8.0
7,7.25
25,32.5
14,13.9
43,36.95
84,87.8
20,19.4
7,6.4
5,7.0
4,5.55
1,4.35
7,10.55
31,35.1
11,9.75
11,11.4
1,4.15
13,16.1
12,14.05
14,11.85
36,39.6
10,9.35
4,4.95
12,15.05
6,11.9
19,18.05
5,2.75
12,7.45
35,35.9
15,14.75
34,40.15
37,37.1
20,21.35
36,34.65
14,11.1
6,5.8
11,12.35
89,86.45
45,44.1
12,10.55
49,51.45
5,6.0
17,17.95
6,6.7
6,4.6
16,17.25
26,27.2
11,8.95
19,16.5
40,39.15
12,9.85
9,9.9
21,19.4
44,41.3
65,62.55
16,16.85
8,6.1
4,8.6
8,6.85
28,29.35
29,27.65
20,18.9
13,8.65
45,47.4
26,23.2
110,110.6
90,82.5
8,11.9
16,16.15
9,10.9
20,18.1
18,16.9
8,9.35
13,13.45
57,57.95
7,8.6
11,11.5
5,5.1
63,64.05
31,33.7
6,3.55
67,75.95
31,31.1
9,7.65
14,16.55
8,14.4
11,10.85
7,6.8
5,4.85
5,6.1
3,9.75
5,6.9
3,1.55
32,30.2
22,24.6
47,41.9
2,4.35
7,6.35
13,19.65
4,3.55
17,17.15
6,5.1
13,10.9
7,9.45
11,15.3
36,33.45
32,28.85
6,7.95
28,30.8
39,36.75
27,24.25
36,33.5
17,18.9
46,43.25
15,15.55
20,24.25
7,5.85
29,31.05
6,9.0
23,24.85
109,106.55
70,68.7
57,57.75
6,4.7
31,33.3
14,12.15
10,11.85
39,39.85
11,10.9
16,9.45
8,11.9
16,15.8
69,68.3
5,2.5
5,3.45
11,9.25
34,36.75
40,38.85
15,18.95
17,20.75
5,9.05
6,8.5
1,4.7
42,46.85
14,11.9
17,19.15
61,59.9
10,12.05
8,6.05
70,64.5
18,21.5
26,26.9
20,21.0
14,15.2
9,7.7
19,20.55
6,8.2
41,36.1
9,10.35
11,13.1
13,16.1
17,18.6
44,44.2
42,37.8
56,54.55
9,11.1
88,78.75
11,7.85
50,48.0
2,5.1
61,62.4
14,15.6
19,20.7
24,19.0
5,4.95
12,13.9
14,16.15
15,11.6
8,7.85
13,22.4
11,9.95
25,27.0
6,7.8
3,4.15
14,15.55
5,5.4
19,12.05
17,13.0
25,23.35
4,5.8
12,11.35
52,51.5
58,58.9
7,6.4
16,13.5
8,8.0
49,51.45
6,7.0
35,34.2
18,15.15
16,15.05
32,30.75
13,15.8
41,45.15
11,13.3
7,9.05
5,2.3
15,15.85
63,69.05
17,25.35
17,17.0
6,7.1
8,7.75
13,12.4
16,14.65
9,7.2
18,14.65
47,49.25
49,49.05
62,67.15
15,12.55
17,15.85
4,4.7
20,18.3
16,13.3
29,29.45
22,25.85
8,7.6
7,7.3
4,4.1
27,38.05
27,25.65
23,21.75
7,10.2
10,11.3
32,31.45
4,7.0
29,32.15
15,12.7
37,43.75
12,9.95
20,16.15
13,14.8
10,9.35
3,5.15
9,11.1
7,8.7
56,57.35
32,32.3
58,60.05
8,9.55
16,19.15
3,3.9
11,12.4
30,35.25
52,44.25
6,6.1
9,9.4
66,72.8
8,7.35
5,12.7
5,6.8
41,41.85
7,7.4
22,21.25
11,10.6
30,29.25
5,5.95
9,7.3
6,6.55
12,9.25
22,26.65
11,10.4
21,19.4
22,19.1
11,9.0
12,13.7
4,3.7
90,91.7
14,12.85
65,81.75
11,9.6
16,15.25
27,28.9
17,17.75
49,51.3
41,40.4
44,51.8
16,16.85
9,7.95
48,47.6
9,8.9
93,90.5
73,61.1
12,6.55
6,4.5
21,23.05
17,16.05
59,55.85
6,11.0
17,18.45
14,17.2
4,3.75
10,13.75
17,18.1
11,6.95
7,7.55
11,11.4
16,16.55
63,59.4
7,10.8
13,11.15
11,12.2
14,13.3
93,90.3
14,11.5
11,11.6
25,25.2
8,5.1
8,10.55
10,9.2
16,14.45
72,76.7
50,55.8
15,11.85
8,10.1
15,8.75
59,58.0
13,15.35
8,9.9
31,29.6
5,6.8
18,17.4
8,4.95
44,44.65
57,60.9
9,10.65
9,7.75
12,8.6
15,15.7
21,20.15
16,14.85
18,12.8
12,11.6
8,8.8
31,28.3
14,16.55
19,12.95
9,10.2
4,7.45
6,8.75
38,43.8
8,7.05
27,34.2
18,21.1
13,12.35
19,20.25
29,23.3
6,6.45
18,19.5
18,16.1
6,6.55
8,7.2
15,15.9
30,33.4
10,6.7
63,59.4
10,11.35
60,55.25
45,41.65
3,4.15
5,8.7
12,13.1
26,31.15
6,4.2
26,29.2
80,87.25
79,88.05
6,7.45
21,16.75
4,9.0
21,15.7
8,7.0
7,8.1
7,7.15
10,8.05
10,10.95
23,24.5
6,3.95
12,8.55
6,2.4
44,36.95
25,15.75
21,19.75
8,6.65
5,5.5
24,22.2
54,54.4
12,11.65
44,50.1
10,10.25
18,10.9
18,15.4
12,14.4
23,20.95
29,36.0
21,23.55
35,38.55
31,43.05
4,6.5
28,22.7
9,7.2
12,14.55
6,5.6
2,5.25
23,16.6
3,4.75
46,44.95
9,10.2
34,32.4
19,16.75
24,24.25
24,21.55
28,28.65
16,11.85
72,76.1
9,13.6
3,2.6
14,13.5
7,4.75
5,5.6
28,26.2
16,15.35
9,10.4
6,6.15
12,11.2
12,14.4
18,16.4
6,10.3
57,61.4
13,12.75
23,20.3
17,13.6
37,36.4
7,7.15
58,58.6
11,9.5
10,10.9
13,11.7
69,65.65
6,3.5
4,6.5
12,10.15
19,14.25
35,30.0
10,11.55
23,25.0
6,4.15
23,26.4
17,17.55
50,49.5
6,13.65
10,7.8
5,5.65
7,7.4
15,14.75
21,19.25
78,78.25
80,57.5
8,7.95
12,14.45
18,13.25
17,17.35
12,9.7
16,15.3
13,12.95
6,4.75
5,6.45
14,14.7
14,9.85
85,80.55
14,14.0
9,8.65
20,19.05
37,35.05
12,12.4
5,7.1
15,17.05
5,3.1
18,17.75
15,21.5
8,15.1
21,16.75
11,15.5
26,28.2
35,32.45
62,60.9
23,21.1
37,37.5
7,8.65
25,23.2
8,8.8
26,20.6
66,61.95
53,51.25
21,24.95
30,39.65
9,7.9
20,19.9
19,19.45
39,40.25
31,35.35
14,15.2
12,12.0
55,52.95
7,6.6
18,15.5
39,41.85
17,16.3
5,7.55
61,59.9
10,9.4
56,59.2
18,18.85
41,38.6
14,14.15
31,26.2
20,22.95
6,4.4
9,6.55
3,5.75
22,20.65
20,22.0
72,75.45
9,8.0
4,3.7
4,3.25
9,8.75
9,7.8
69,70.5
5,5.2
43,54.15
18,16.35
36,37.85
18,19.7
84,82.45
10,11.4
19,16.35
17,18.65
19,16.8
12,7.65
22,21.05
16,16.95
8,5.45
6,5.4
9,7.6
13,15.1
35,41.6
44,44.8
39,40.2
13,11.75
5,6.9
39,38.5
101,97.5
28,31.6
22,26.75
18,19.05
71,71.1
13,13.85
10,8.95
12,13.6
72,81.1
7,6.1
27,6.5
8,11.25
9,8.9
67,71.6
14,15.95
18,27.25
32,32.35
49,41.2
10,11.05
18,17.75
64,66.75
90,91.2
12,12.05
13,12.9
10,8.3
91,93.9
9,11.0
42,41.15
8,7.4
5,7.55
11,11.95
5,5.35
10,9.85
7,7.9
7,9.05
15,14.35
54,52.05
32,37.4
15,20.55
14,12.55
15,14.85
12,11.1
33,32.5
13,17.0
20,16.15
39,40.5
26,17.8
10,10.1
8,5.5
19,21.3
13,11.95
11,17.05
27,31.2
13,13.55
61,60.1
7,7.55
14,16.8
17,12.65
10,9.15
12,8.35
1,5.0
66,71.6
14,13.75
28,31.4
34,23.2
19,10.95
100,102.5
5,3.55
4,7.35
13,10.45
47,50.25
11,10.35
11,8.65
17,16.05
50,52.25
20,16.85
14,15.05
54,52.55
10,9.1
15,13.4
10,9.7
5,7.3
13,27.45
25,21.65
34,30.55
17,13.85
94,97.4
7,9.6
20,23.45
34,30.8
31,33.0
3,1.95
31,31.4
5,6.45
17,19.15
4,8.25
41,35.45
81,82.1
23,22.45
29,26.3
6,4.65
39,51.7
29,32.3
45,41.45
3,2.6
24,24.75
17,14.55
23,20.1
4,3.75
39,40.3
9,9.05
7,9.4
16,17.7
14,14.25
6,6.45
16,27.75
16,19.4
22,24.2
15,13.6
6,5.95
31,29.55
43,43.6
17,18.1
5,3.15
4,7.3
30,31.75
10,7.0
25,23.35
12,15.9
61,60.25
11,7.3
23,26.3
60,61.4
16,16.35
21,23.55
12,16.6
21,17.9
60,58.25
7,8.25
8,4.05
31,30.75
7,6.8
41,34.7
10,6.5
8,11.0
11,11.4
15,19.15
16,17.05
17,18.7
49,49.25
9,6.8
17,18.7
16,16.95
57,51.85
6,4.95
32,32.1
31,32.55
5,4.4
13,9.8
11,9.65
56,57.05
37,39.4
21,18.5
46,49.05
14,17.95
14,15.05
12,8.55
58,58.65
37,36.5
14,13.1
5,5.55
12,6.8
4,4.75
44,42.85
12,13.25
14,13.55
73,71.8
5,8.55
10,8.45
9,10.9
5,7.8
70,68.0
39,44.55
11,12.15
27,30.0
11,11.85
15,13.15
5,2.8
21,18.0
13,21.05
15,10.85
40,40.05
29,25.8
7,5.55
18,18.4
5,6.05
39,38.15
18,17.5
18,18.15
50,60.05
26,32.0
8,7.3
11,9.95
34,31.7
10,8.3
6,10.05
11,9.45
4,6.6
30,31.0
7,7.45
18,22.3
4,6.65
13,14.75
33,31.8
16,15.65
51,21.9
12,15.6
14,14.6
17,14.65
5,4.25
47,41.85
23,20.25
14,9.6
45,47.9
42,41.85
19,19.25
58,51.15
25,20.3
11,18.1
14,14.5
17,16.95
58,54.15
6,10.1
21,19.35
3,5.3
10,12.35
6,5.05
6,13.15
15,15.15
16,16.3
8,6.1
12,15.4
5,9.2
86,91.75
15,14.2
9,9.4
88,80.95
17,17.65
33,13.9
43,49.4
18,15.75
8,6.75
18,19.4
40,39.95
13,9.25
54,55.25
4,3.4
28,26.3
32,27.85
26,25.25
5,4.6
8,7.3
14,12.05
23,24.0
6,7.6
54,50.2
13,9.5
43,37.3
15,16.65
62,68.05
5,8.1
88,93.95
19,20.25
32,31.0
23,22.75
10,8.9
15,14.8
26,26.5
11,11.8
34,34.4
36,37.95
8,7.8
70,72.95
10,5.85
25,22.15
7,7.65
21,21.75
7,4.2
17,18.75
43,41.75
9,10.5
23,28.4
20,17.9
8,9.55
12,13.3
22,19.2
26,27.75
12,14.55
18,17.25
13,15.25
6,5.6
13,14.2
8,8.05
17,17.4
4,6.05
14,13.85
15,18.3
18,18.7
36,32.45
1,4.2
36,34.75
25,23.05
69,70.85
6,5.45
37,28.25
30,29.05
5,8.6
4,4.35
7,8.5
4,5.55
6,6.3
6,6.85
4,6.2
7,7.1
12,11.4
88,93.05
8,11.55
9,11.55
7,5.75
9,7.15
8,8.4
7,6.85
57,55.75
32,33.85
39,39.25
7,9.0
6,6.7
6,7.45
5,6.0
12,13.15
9,7.45
11,10.95
11,10.3
13,10.8
66,58.85
21,14.6
11,11.25
5,6.65
9,8.45
83,83.6
30,31.5
24,22.95
11,9.25
14,13.85
10,12.05
3,2.25
41,42.45
19,23.85
26,26.8
24,24.8
25,33.35
25,26.85
5,7.45
84,83.0
7,4.95
49,41.9
3,4.8
17,15.65
19,26.6
17,16.35
6,9.85
30,29.35
20,25.35
7,8.3
7,9.55
8,8.6
33,44.1
13,17.65
11,9.2
23,23.35
16,17.95
7,9.45
10,10.4
3,4.05
48,44.4
12,9.55
69,66.55
7,8.0
5,5.55
9,11.3
4,7.4
9,12.05
14,17.0
4,6.35
28,26.5
7,5.85
12,11.5
5,5.35
12,11.15
20,19.45
14,19.15
13,13.7
14,14.95
3,2.35
2,3.3
26,28.7
79,91.05
5,5.2
10,7.95
90,91.05
3,4.25
18,17.4
49,48.6
21,19.9
6,5.9
21,27.65
9,6.4
5,7.5
19,13.65
7,7.15
64,58.7
19,19.15
11,8.05
6,9.65
61,57.75
14,16.35
74,75.85
8,8.3
12,18.25
18,17.05
4,3.15
30,26.45
13,15.2
52,51.7
34,35.65
43,44.2
38,23.35
25,24.95
76,75.9
5,4.8
22,21.15
90,94.4
12,12.35
20,21.65
12,11.1
8,8.35
5,8.2
68,73.55
30,33.95
7,6.4
13,12.15
35,32.55
3,5.8
14,15.7
23,24.85
6,5.65
20,24.45
40,45.25
38,35.9
17,19.95
8,8.95
41,41.1
6,7.3
7,7.0
4,4.35
60,61.55
8,12.6
10,11.9
30,34.0
9,9.3
17,15.05
12,12.65
35,34.45
10,11.75
21,29.1
5,4.65
9,8.9
17,17.95
14,6.65
16,16.7
17,19.7
3,6.5
6,9.95
13,9.4
19,20.25
25,21.7
17,13.85
13,16.9
15,16.0
9,9.9
49,46.3
21,19.85
30,37.3
8,8.6
9,10.7
21,17.35
24,23.9
12,18.4
14,14.65
12,8.5
13,16.55
24,21.85
7,5.3
8,9.45
16,18.6
10,12.05
33,35.55
22,20.3
11,18.15
46,43.0
6,5.25
6,6.55
36,33.25
9,6.7
23,22.6
8,5.65
13,15.8
21,25.0
30,32.25
14,14.6
8,7.7
26,26.5
21,17.5
20,17.4
7,4.15
34,35.85
21,20.4
40,41.55
28,27.1
133,105.3
6,8.9
35,43.7
7,5.75
4,5.95
74,78.5
8,5.35
64,63.05
11,12.55
55,51.65
70,72.5
11,14.3
64,68.95
15,20.0
12,15.9
15,12.75
8,8.05
18,19.4
10,10.8
7,6.4
34,33.7
28,27.25
25,25.9
5,3.85
43,39.8
12,12.95
4,1.8
17,18.5
19,15.35
9,7.9
27,25.45
10,11.6
4,2.85
7,7.75
4,4.15
9,7.4
6,8.1
7,10.25
51,51.75
17,17.85
15,12.4
14,11.7
14,16.5
4,5.95
17,15.25
38,40.3
10,10.4
9,11.7
11,11.35
8,6.65
22,19.75
11,13.2
6,8.85
26,21.55
25,25.55
53,54.25
86,92.6
11,7.8
1,6.4
39,34.05
23,23.55
18,17.65
5,5.1
5,3.4
5,6.75
18,18.4
60,61.1
9,8.9
2,5.5
14,14.4
15,9.15
87,87.85
20,17.55
15,12.85
5,7.0
23,21.1
33,34.65
13,13.3
4,5.9
17,14.05
12,10.95
24,22.25
80,83.0
2,6.2
16,17.5
6,5.9
10,12.1
9,11.85
32,30.0
47,48.95
25,33.4
12,13.45
95,87.3
5,4.25
37,37.35
12,11.65
11,12.1
41,37.1
52,48.0
63,58.9
17,23.6
34,33.5
3,5.45
22,16.6
21,20.6
12,15.75
12,9.7
10,12.8
27,26.45
4,4.15
39,43.35
7,9.9
12,15.85
24,24.95
8,6.65
41,40.1
15,12.75
13,9.6
11,11.0
10,9.0
4,4.1
18,14.2
32,29.55
18,21.25
8,7.4
4,4.45
41,42.8
13,11.2
17,14.4
9,9.9
16,14.95
34,31.8
16,12.3
71,72.0
7,11.25
8,14.2
9,11.45
21,20.95
6,4.9
27,32.7
4,3.35
5,5.2
6,6.8
9,10.65
57,46.95
10,11.25
31,27.55
48,41.4
7,11.05
6,7.75
24,28.7
17,13.35
9,8.05
16,19.25
10,11.65
5,3.8
10,8.3
5,8.65
14,16.3
6,9.1
13,14.85
8,5.5
7,7.7
21,25.55
5,3.4
19,19.6
9,7.9
5,7.75
20,15.45
54,28.1
25,26.0
2,3.65
55,56.65
17,20.65
15,8.4
32,35.0
3,5.45
28,31.7
8,8.25
14,15.3
15,11.8
12,10.7
12,11.75
27,24.5
17,16.8
19,19.5
17,16.6
3,4.3
7,6.7
8,11.8
53,51.05
9,8.5
52,57.1
16,17.8
5,4.05
12,9.85
36,30.15
4,4.85
3,4.5
14,13.65
16,13.9
49,51.2
9,7.0
89,99.35
3,4.8
8,9.55
18,17.65
21,23.85
15,17.65
36,38.45
33,33.35
14,14.1
27,23.2
56,53.4
53,56.25
8,9.2
13,14.75
57,52.05
38,39.0
11,10.7
9,12.4
6,5.95
19,20.8
11,10.35
4,5.15
18,16.75
18,18.75
23,22.9
42,55.75
6,7.05
9,11.3
10,13.6
10,10.0
11,12.7
6,4.0
35,36.85
12,9.55
15,16.85
42,38.8
10,6.95
7,7.65
6,5.5
17,16.65
66,78.95
27,28.6
16,15.9
5,6.75
13,14.75
30,30.95
13,11.3
16,11.7
25,26.95
34,27.75
22,22.15
4,3.8
30,31.95
36,32.45
10,8.4
5,6.95
11,10.55
5,4.95
17,19.95
23,16.05
7,8.9
12,21.3
11,5.9
9,12.6
35,35.75
39,36.0
8,7.4
8,4.65
22,21.6
44,40.95
8,6.1
37,40.55
23,22.55
47,47.7
28,33.7
63,60.3
6,8.15
6,8.25
42,44.1
9,11.15
11,10.35
55,57.3
7,6.25
52,58.15
13,14.95
15,16.4
9,9.65
12,13.1
11,12.25
17,18.4
38,35.5
15,11.5
9,8.4
4,5.25
16,22.9
5,5.85
9,15.45
30,34.3
16,18.6
14,14.25
19,20.4
7,4.75
2,3.8
103,72.85
20,20.2
3,5.2
14,16.8
12,8.8
19,17.8
88,90.05
37,37.45
18,17.2
28,24.8
11,13.3
14,10.7
9,8.55
17,16.85
33,32.05
7,7.75
61,54.0
5,6.4
90,82.5
12,11.7
8,6.4
21,24.1
31,28.65
27,28.85
32,23.3
5,6.4
34,34.95
14,14.0
7,10.6
65,62.3
30,29.65
9,15.25
10,14.65
32,35.05
3,4.25
6,6.9
26,30.1
8,10.2
9,8.8
43,44.5
11,9.0
7,7.0
77,77.45
17,15.7
20,26.0
6,7.05
8,9.45
7,10.95
15,14.85
13,14.15
21,16.9
56,60.15
72,76.2
44,47.65
17,19.15
4,6.0
34,34.45
9,9.5
65,63.25
40,42.35
9,11.2
7,6.95
18,17.45
2,4.0
56,66.65
11,8.35
76,80.95
19,18.1
6,3.05
40,35.5
23,22.2
8,7.55
9,9.25
9,9.8
19,18.6
23,20.95
3,5.05
56,55.45
12,15.05
4,7.6
9,13.75
19,19.2
3,6.85
6,6.55
20,23.25
28,23.65
29,24.2
24,18.45
44,48.6
16,18.05
5,6.3
19,15.85
21,23.0
17,14.25
5,7.9
30,30.95
12,13.2
64,61.9
21,16.4
7,6.3
7,7.4
8,6.9
43,50.05
56,55.05
41,40.95
11,10.0
42,37.3
5,4.15
32,26.2
41,45.15
6,6.15
6,6.95
12,7.45
9,5.95
12,7.15
5,8.65
33,32.85
8,5.85
43,39.65
6,3.85
11,10.5
8,7.85
31,33.2
8,7.45
6,10.4
4,8.3
10,12.35
15,14.95
13,10.4
10,7.15
8,7.5
8,8.05
7,8.4
36,36.25
76,66.95
13,12.1
2,4.35
12,11.35
2,5.0
22,23.15
84,92.5
4,3.5
10,12.2
10,14.5
16,17.6
5,5.4
11,11.25
17,12.1
99,96.4
25,26.65
16,18.0
10,8.55
5,9.45
9,10.3
10,13.05
19,15.05
12,17.7
10,8.95
34,32.75
7,8.7
51,54.05
30,29.2
42,46.05
13,11.9
8,9.7
15,20.3
17,12.95
9,10.0
21,14.85
22,24.9
50,55.25
13,13.5
6,4.35
2,5.0
6,7.95
7,7.65
5,5.6
5,4.3
4,3.0
34,32.4
5,5.5
26,23.7
19,17.85
13,15.3
19,19.35
3,7.2
15,15.45
28,29.65
82,82.6
30,35.0
43,46.15
13,14.75
21,19.55
17,20.9
39,42.65
2,5.65
35,31.25
52,51.9
6,5.65
18,17.8
2,3.5
24,20.85
18,7.5
16,14.95
22,23.65
38,37.35
27,25.25
3,8.45
82,92.2
53,52.3
68,71.25
7,8.55
19,16.85
8,7.35
14,15.95
30,28.2
13,12.55
10,9.55
18,15.5
11,12.05
11,10.9
57,59.9
58,58.45
13,15.6
20,19.65
38,35.75
10,11.05
33,31.9
12,18.9
19,16.6
15,18.2
37,34.2
4,6.85
13,16.8
8,6.6
12,13.9
36,26.95
17,14.25
5,5.6
6,3.85
36,36.0
9,10.15
91,98.2
32,34.6
59,63.35
13,10.25
8,16.25
20,18.55
9,10.05
56,56.45
7,7.4
12,13.4
32,31.35
17,19.1
50,50.55
11,10.9
5,6.45
13,10.85
4,4.25
8,8.35
25,25.0
75,70.9
3,2.85
18,16.65
2,4.55
21,20.75
19,16.55
10,15.75
65,66.35
9,6.6
23,28.05
3,5.0
29,31.05
31,30.5
24,25.75
12,10.45
21,19.1
66,68.4
49,51.6
11,8.65
12,14.95
7,8.8
5,7.9
10,10.5
7,7.6
13,10.6
5,3.95
33,15.7
8,7.3
6,7.15
10,8.85
15,14.4
20,16.45
9,9.6
5,8.05
15,15.95
77,81.1
5,5.45
68,69.55
14,15.3
13,6.6
11,12.35
12,16.05
24,23.55
15,15.3
26,24.8
5,4.65
8,6.75
7,9.35
3,7.5
25,27.2
8,15.1
9,10.75
22,25.7
16,16.45
4,6.15
66,69.1
7,9.75
71,72.65
17,22.35
16,16.4
19,20.2
25,27.6
14,13.95
35,37.2
18,15.05
21,18.65
18,16.45
17,12.75
65,59.95
9,9.3
31,38.05
18,20.1
9,9.25
15,13.3
16,10.4
14,8.7
37,39.0
44,38.0
31,31.2
76,82.75
10,11.4
97,94.85
53,53.35
15,15.45
5,7.05
12,16.45
93,92.0
36,27.0
7,8.5
15,15.95
4,5.6
3,3.6
5,3.65
45,44.0
25,26.0
17,15.0
24,21.4
20,20.2
17,17.25
49,50.15
8,9.05
4,6.15
10,7.5
23,16.85
8,6.4
78,83.9
6,5.85
15,11.35
35,27.0
39,40.75
3,5.15
10,7.4
29,28.7
13,11.15
9,7.65
3,3.65
7,6.5
15,17.25
2,4.15
18,17.95
12,16.9
17,19.15
13,11.25
11,8.3
17,16.7
33,25.6
31,30.05
2,5.15
40,44.35
11,7.9
16,14.0
4,3.85
12,14.75
17,12.5
7,6.75
9,13.35
9,7.1
5,5.15
9,5.0
32,32.2
73,72.25
29,27.35
8,8.0
9,14.5
7,4.2
6,7.05
12,9.95
10,7.75
26,31.2
6,6.55
19,18.15
10,18.65
14,10.15
13,13.05
12,21.0
17,16.15
9,9.8
2,6.35
76,78.35
4,4.4
70,65.45
19,15.15
9,8.5
16,14.2
3,4.75
57,57.65
7,6.1
8,7.75
16,18.3
73,70.9
25,24.55
13,10.8
13,10.3
45,48.8
55,64.1
64,61.8
38,38.1
8,6.15
30,37.0
15,13.6
19,21.0
15,13.55
13,14.2
1,4.1
13,12.8
81,77.5
18,16.75
8,10.45
57,57.0
11,12.8
12,11.6
14,15.8
21,24.1
35,33.95
18,17.95
19,21.15
20,16.95
13,12.55
9,5.4
12,13.7
13,19.4
20,19.5
46,50.2
50,53.3
5,3.9
11,11.35
5,5.25
5,3.85
8,12.05
7,6.05
23,21.0
16,14.7
42,43.55
3,6.15
19,16.1
43,39.85
62,63.7
21,20.5
14,11.3
8,5.45
4,4.5
9,5.45
37,39.55
18,13.65
7,8.8
10,12.15
77,75.45
6,6.35
18,13.6
43,48.5
52,50.2
17,13.4
28,25.25
14,8.75
41,43.1
14,10.9
15,17.5
11,10.65
28,32.65
68,62.15
8,9.2
4,8.15
18,19.1
45,58.7
17,15.05
6,4.6
7,8.1
31,32.05
7,7.2
39,44.15
38,34.75
25,24.15
6,9.0
26,26.0
40,43.1
23,15.4
6,8.5
14,15.5
8,9.4
114,117.15
13,10.3
62,57.45
17,21.65
36,40.1
16,11.35
1,2.55
82,79.1
15,14.95
9,10.95
29,30.25
58,57.55
20,22.2
4,7.6
31,33.45
24,23.55
15,12.05
10,10.15
18,16.55
9,9.35
2,2.85
9,7.4
11,9.3
9,13.75
13,13.05
2,3.05
8,6.45
14,15.85
6,4.6
40,37.55
36,35.75
14,12.15
24,21.75
17,33.5
6,6.15
6,4.4
11,9.4
10,8.5
39,36.2
19,21.7
48,40.8
15,12.75
114,110.3
9,6.8
26,35.8
22,22.4
18,15.25
3,8.6
4,12.55
9,6.2
9,7.95
44,44.1
4,5.75
36,40.8
30,33.3
9,12.0
12,7.6
14,10.45
19,18.7
18,18.35
2,3.9
14,29.95
5,6.4
4,5.25
3,3.95
9,12.4
28,35.0
42,42.1
15,15.75
8,5.85
24,22.9
7,3.7
42,44.9
13,18.0
8,9.35
46,43.5
6,6.8
5,7.5
8,11.4
40,33.05
12,12.0
17,12.25
20,18.85
62,64.05
17,19.35
42,38.1
8,6.45
9,10.8
11,9.1
8,10.15
8,10.5
27,27.65
11,6.7
12,9.5
9,12.55
17,15.0
12,13.55
25,19.7
22,25.75
10,10.1
15,15.6
53,56.25
6,5.55
42,37.7
6,7.85
16,16.35
12,12.4
67,68.85
10,11.55
23,21.9
22,24.0
12,13.9
46,39.85
36,38.9
4,5.45
25,26.2
52,56.4
56,58.35
11,13.0
12,6.45
5,3.5
23,21.35
43,46.55
9,8.4
12,11.1
29,29.5
36,34.0
11,10.45
9,12.75
19,15.6
20,18.25
21,19.7
6,8.65
20,20.0
30,30.4
14,15.9
17,16.9
8,5.85
15,16.25
32,25.9
12,11.7
9,7.5
9,7.3
31,25.8
19,15.0
12,14.8
4,4.9
6,10.5
5,6.65
12,13.1
16,14.15
9,10.1
4,6.2
72,64.8
14,13.0
23,23.45
11,13.85
59,61.95
18,16.75
32,29.75
16,18.3
1,4.6
55,57.65
23,25.5
44,40.55
10,10.5
20,28.05
12,14.05
7,6.5
8,5.9
4,4.45
57,58.95
49,54.3
67,66.5
22,17.05
8,10.45
4,3.45
8,6.55
17,23.35
57,58.25
48,39.0
12,15.75
31,30.5
102,111.75
23,22.1
9,7.5
24,23.2
18,16.3
9,13.75
27,27.75
11,6.9
8,6.2
35,40.05
40,36.95
43,41.65
19,18.05
32,32.1
10,16.5
19,17.8
28,35.0
15,11.65
36,39.5
11,12.0
22,14.35
72,74.1
26,22.75
5,4.0
2,4.25
63,66.0
12,14.95
4,6.45
8,8.5
8,13.3
11,15.3
11,8.8
15,15.15
92,91.95
14,16.6
9,10.15
23,20.5
66,60.9
8,6.1
12,10.85
55,54.45
9,7.7
72,74.4
12,10.85
28,30.75
16,15.0
23,25.05
18,20.1
4,4.8
10,13.7
72,71.15
39,34.8
59,58.55
9,9.65
14,13.35
7,9.1
4,5.65
31,33.0
57,57.85
16,16.8
16,12.15
60,55.5
37,34.75
14,12.6
20,18.55
34,34.25
7,8.25
11,10.4
17,13.25
40,39.35
7,6.1
10,12.4
10,5.95
51,46.95
12,16.15
14,15.1
55,50.95
6,4.1
6,5.5
17,13.1
51,56.85
13,11.95
15,13.5
36,37.15
4,6.6
73,74.5
60,58.7
12,9.95
15,17.45
6,6.15
8,9.75
16,24.8
32,32.85
20,18.55
31,29.3
8,6.4
4,6.75
26,32.1
66,39.5
42,34.9
113,104.55
9,7.05
40,37.6
41,37.45
45,50.85
38,37.0
26,25.95
13,14.35
40,38.8
36,39.85
12,7.7
15,11.25
32,32.6
10,9.85
54,45.4
45,50.8
98,93.3
2,2.85
7,5.7
4,4.75
10,6.0
13,19.45
11,8.6
56,30.1
13,13.55
17,16.2
34,35.3
14,8.25
20,19.15
30,27.15
16,15.8
15,11.65
8,6.3
5,8.0
8,8.1
17,18.7
3,5.05
18,21.65
29,30.75
24,28.05
17,21.65
7,7.2
34,30.65
34,31.7
44,43.85
20,22.7
20,18.6
16,17.2
26,27.85
12,10.65
14,11.85
13,14.9
12,12.45
30,29.35
13,14.5
17,19.65
13,9.9
10,9.45
12,10.35
18,20.1
10,13.8
6,10.0
17,13.9
70,69.4
9,11.95
48,46.0
11,8.6
18,21.1
10,9.55
9,12.3
11,9.95
12,10.1
4,4.8
14,12.05
10,7.25
11,8.05
9,7.25
22,26.25
42,37.95
19,15.4
14,13.3
34,32.05
19,22.65
2,14.65
9,7.7
30,28.35
13,11.95
13,16.2
48,44.45
20,17.05
18,16.9
92,86.15
12,16.6
46,46.4
23,21.1
9,10.3
21,25.2
10,14.35
8,7.5
45,47.75
7,8.05
10,10.65
4,3.7
8,8.7
5,7.55
28,30.7
24,26.35
9,10.15
8,8.4
14,13.35
3,3.55
5,4.4
7,5.35
54,47.35
12,9.0
6,6.1
8,6.9
18,21.65
21,20.15
6,7.7
10,12.45
13,20.35
50,48.05
9,8.2
15,17.3
20,18.2
11,9.75
10,9.7
29,29.8
68,64.8
23,22.2
13,11.6
26,26.95
6,6.75
24,25.55
46,48.65
16,14.7
97,99.4
6,7.1
22,22.15
9,11.65
17,17.4
10,9.55
12,14.95
12,9.8
19,18.05
12,15.8
13,12.5
3,5.5
9,6.45
5,5.95
20,21.45
6,5.2
13,12.65
9,8.9
11,8.85
10,11.05
51,50.0
7,3.55
19,15.05
10,12.05
24,21.5
18,18.95
12,14.55
31,36.8
17,15.5
8,5.6
9,12.1
7,10.7
27,28.5
3,2.85
49,44.85
17,22.3
14,16.65
6,14.95
10,9.85
70,71.2
21,17.25
17,17.05
60,61.2
6,6.4
23,26.0
65,63.85
7,6.1
39,38.7
5,7.6
2,4.05
35,38.35
9,10.2
76,81.25
10,11.55
32,38.3
9,7.2
13,9.8
69,71.0
35,38.15
7,4.25
13,11.6
14,18.15
8,9.35
5,4.2
13,17.4
15,13.3
18,14.15
3,6.2
8,9.85
23,23.45
26,20.5
87,85.55
29,31.35
4,6.3
6,11.1
8,10.9
6,6.55
35,39.5
9,12.55
16,14.6
23,26.25
7,6.45
6,4.65
33,34.45
90,91.15
5,6.85
20,19.3
6,6.15
12,11.55
16,17.1
35,39.5
77,78.05
6,5.4
48,46.85
8,12.15
5,9.85
44,42.4
53,54.1
22,21.75
8,8.25
8,8.0
9,7.8
24,18.7
11,13.6
15,17.95
22,22.5
15,14.8
34,32.25
7,16.2
26,29.65
12,13.1
17,15.8
10,11.6
13,13.05
22,18.1
21,19.25
74,78.6
25,19.5
5,3.4
7,8.25
14,16.65
10,7.15
21,21.35
12,9.9
6,7.5
13,10.4
14,10.05
66,66.25
8,7.55
3,6.4
8,8.05
10,11.35
12,9.25
13,11.8
10,12.15
40,41.7
18,17.0
44,43.55
12,12.7
6,9.4
9,9.7
17,14.3
23,32.65
11,10.85
35,35.45
3,5.45
10,9.0
11,7.85
16,12.65
10,10.8
24,32.0
6,7.55
18,19.85
49,49.75
14,10.15
57,59.45
23,18.85
10,9.5
15,13.0
31,35.8
12,10.6
10,10.2
10,6.4
58,58.1
3,4.95
58,62.6
38,33.75
57,50.2
17,16.65
34,35.95
9,12.95
50,44.8
6,9.7
13,9.0
6,5.5
38,38.3
12,14.1
10,10.1
31,31.9
14,10.1
9,6.2
32,32.75
7,6.0
30,15.8
18,18.4
50,49.7
21,16.7
2,4.5
54,53.3
30,27.35
49,52.45
20,21.45
10,9.9
17,17.85
11,7.4
34,29.15
21,15.0
8,8.4
35,34.05
47,43.1
19,15.8
17,14.0
29,23.15
8,6.4
52,48.9
50,48.3
83,87.45
32,27.3
14,14.9
9,9.0
15,14.25
13,16.75
3,4.25
33,32.5
9,6.8
15,14.0
25,24.6
8,13.5
93,87.6
28,31.55
13,13.05
4,6.15
9,8.45
8,7.85
51,52.55
18,17.0
20,18.6
21,20.65
4,3.5
4,6.1
3,6.3
14,13.4
35,32.55
35,40.4
20,19.1
30,29.55
20,16.5
34,31.6
17,15.05
28,31.05
11,9.05
38,34.35
22,20.8
13,13.3
26,27.45
6,9.95
11,10.2
8,8.15
94,82.4
5,6.25
6,5.75
35,32.8
11,6.35
21,21.2
11,8.25
37,34.45
6,4.95
17,12.75
10,11.6
19,18.55
4,5.55
7,6.05
10,10.3
7,13.75
23,18.5
35,33.7
93,92.0
5,4.05
17,22.55
2,5.75
42,40.55
62,54.75
7,9.55
8,11.45
2,5.35
20,21.05
41,42.75
33,32.2
97,91.15
20,16.3
65,70.35
10,14.35
10,9.2
58,62.95
8,6.75
97,102.25
24,21.85
3,5.45
8,9.3
85,86.25
21,18.6
10,9.55
8,7.75
26,21.8
6,8.8
31,31.2
7,5.05
16,15.2
32,31.8
2,2.65
15,15.65
29,34.25
6,4.2
79,66.45
13,12.65
52,54.15
1,3.2
14,18.2
5,7.55
3,4.5
22,21.1
38,37.3
2,4.35
23,23.35
10,9.85
8,7.2
17,15.4
67,54.75
5,7.9
36,31.8
28,27.2
7,11.45
17,14.7
13,10.2
10,7.9
6,5.8
14,14.05
12,14.15
7,5.3
22,18.6
11,10.8
80,80.55
9,8.95
17,17.15
63,59.15
86,83.4
10,9.3
9,8.4
22,20.6
10,8.55
10,9.4
31,29.5
4,8.1
59,58.7
21,18.8
12,11.45
77,79.7
23,17.8
6,10.15
19,19.55
12,13.55
21,16.85
16,15.6
68,68.9
28,29.0
9,8.4
12,11.15
5,6.05
9,9.35
19,15.7
19,18.9
7,8.2
6,7.15
39,38.5
11,15.55
9,9.2
12,15.3
8,6.95
7,4.8
6,4.1
17,15.25
12,15.1
9,10.6
5,8.65
4,3.15
3,3.05
22,23.8
48,54.35
50,51.95
10,11.05
12,13.8
28,29.4
30,28.55
13,15.65
8,6.2
42,46.1
15,15.25
23,26.05
31,34.1
4,4.8
45,47.35
2,3.75
10,16.55
32,29.6
7,5.5
16,14.75
10,10.6
20,19.5
11,8.4
28,34.95
12,10.2
38,42.45
41,46.15
40,40.75
9,9.05
6,7.7
9,6.8
9,9.3
16,17.1
3,4.95
9,6.3
10,8.65
6,5.7
6,7.65
7,13.45
10,17.55
28,29.6
9,11.2
7,5.3
3,5.4
13,14.55
10,9.9
5,7.25
46,45.8
9,8.05
20,16.6
52,47.9
46,44.1
13,16.85
6,6.8
16,15.4
13,10.7
101,96.35
21,21.25
12,19.5
10,14.25
12,13.85
21,19.25
12,13.2
14,11.8
35,34.5
19,16.7
9,10.15
61,53.5
18,16.45
22,18.3
40,36.45
13,12.35
8,6.9
7,8.5
54,52.8
14,11.85
40,42.6
42,45.6
5,9.1
6,3.2
10,7.35
10,11.05
58,52.55
10,8.75
21,18.75
18,15.75
8,4.7
12,13.0
14,15.9
22,19.3
13,9.65
15,12.7
10,12.75
8,8.3
12,16.1
55,54.35
10,20.35
3,4.0
8,11.8
7,8.5
9,8.25
18,12.45
7,3.3
6,4.95
14,17.7
6,3.95
12,13.9
23,25.5
10,6.65
15,13.8
3,4.2
8,7.05
7,6.95
8,6.7
66,65.25
22,25.5
26,30.35
19,17.4
11,8.7
14,16.5
12,10.3
6,15.8
51,45.9
8,8.0
64,55.5
46,45.15
43,39.55
12,6.1
62,66.35
21,19.8
27,25.3
3,5.8
7,9.2
48,45.6
37,31.6
12,13.35
4,2.7
66,61.1
38,31.7
19,16.7
77,77.9
5,3.1
11,12.85
5,8.5
19,19.8
37,32.25
13,11.15
23,23.6
16,19.3
39,31.5
4,6.7
15,13.2
7,11.35
10,12.85
51,57.35
136,123.0
8,6.8
23,30.5
54,53.35
19,23.25
41,37.85
10,8.0
9,6.45
25,21.35
16,12.7
22,21.8
8,10.7
19,20.2
8,4.6
15,13.2
16,17.15
16,16.5
14,15.2
8,7.35
17,16.0
13,11.25
2,3.85
23,22.35
5,4.7
14,12.0
28,29.2
5,11.45
3,3.65
14,14.35
4,10.7
16,17.55
5,4.75
6,7.8
12,17.8
15,15.45
7,5.8
27,28.5
7,6.9
9,11.2
65,66.15
73,72.25
10,9.3
56,54.3
8,10.1
5,9.3
18,17.15
11,8.75
14,14.7
55,51.65
8,9.95
14,12.7
23,26.1
12,8.2
8,8.65
41,42.8
24,26.6
7,7.0
7,7.35
9,8.25
3,6.6
20,25.5
55,56.0
17,14.8
3,4.3
22,23.7
28,27.95
7,9.5
6,8.35
8,7.6
69,64.85
14,16.9
10,11.8
58,52.95
17,17.4
10,9.75
20,17.75
12,10.75
9,9.95
27,29.65
6,7.1
24,21.55
31,30.1
6,7.85
10,13.55
2,4.7
20,20.4
3,7.8
17,19.55
37,36.4
17,17.95
8,5.85
15,15.8
27,27.55
9,6.15
7,11.75
13,13.8
12,8.8
89,83.7
23,9.5
16,15.95
18,21.5
11,10.4
34,26.6
7,8.85
18,20.45
53,43.8
4,5.25
64,63.8
27,29.0
18,20.4
19,16.75
2,4.5
32,35.1
14,15.55
14,15.7
5,6.95
43,38.7
37,37.05
15,17.5
7,3.65
19,15.9
13,10.65
54,51.1
16,16.45
8,7.15
1,3.85
20,24.65
7,8.05
26,28.5
26,30.0
52,50.3
4,4.8
8,6.15
23,23.9
10,13.75
4,3.35
66,74.35
3,7.2
8,9.45
41,33.95
13,15.55
76,75.3
11,12.5
27,26.8
15,14.5
20,12.65
25,26.25
8,6.2
27,32.05
15,16.1
7,8.4
66,64.3
9,11.2
12,8.6
6,6.5
20,21.25
8,5.55
19,16.95
7,7.25
57,59.65
45,41.3
13,10.6
8,4.55
13,15.15
15,16.1
13,11.85
12,15.8
14,13.65
14,10.95
17,15.45
20,24.8
2,6.65
8,8.55
15,11.7
4,3.95
7,7.2
9,8.85
24,21.65
5,13.4
19,21.0
32,31.7
24,28.45
15,18.9
46,48.1
20,21.75
16,26.4
14,15.45
9,6.75
77,74.8
11,9.6
32,34.25
60,62.05
45,49.15
27,30.75
25,27.55
9,11.05
10,13.1
30,30.05
8,8.45
6,4.9
48,44.4
16,14.4
12,13.35
10,11.3
75,77.9
15,9.8
14,19.45
26,23.3
4,2.55
25,26.2
34,39.55
23,20.8
6,6.05
27,23.25
15,14.6
23,23.1
11,10.4
6,6.95
48,47.15
7,8.85
15,16.0
9,7.6
7,12.9
56,58.1
20,15.95
19,21.1
11,10.0
11,14.2
16,12.2
59,61.8
5,6.15
18,20.25
84,95.4
3,7.8
12,14.3
18,16.5
63,64.15
14,18.0
18,19.0
65,61.65
3,6.45
17,15.4
21,19.4
21,31.75
18,15.9
6,2.2
8,9.1
43,42.75
3,5.85
26,19.95
22,20.6
11,11.6
4,7.15
19,19.95
3,6.5
7,7.2
26,22.3
45,45.75
28,29.25
87,82.5
41,36.15
41,40.15
8,6.9
11,12.0
4,7.2
43,47.9
24,23.5
22,21.75
9,8.5
10,7.45
14,15.4
7,10.25
50,52.4
20,14.35
74,75.55
133,115.2
55,53.1
15,16.85
7,8.1
71,68.85
7,9.2
6,8.7
12,9.15
41,43.0
9,11.85
10,10.15
5,3.7
15,17.8
6,6.5
12,18.85
13,12.35
11,11.1
20,21.75
23,21.0
16,13.85
27,25.6
43,43.55
23,23.55
11,8.55
2,4.7
11,15.35
24,26.5
16,19.15
18,19.65
37,37.5
16,16.85
8,11.1
67,61.65
27,26.15
10,10.75
9,6.85
4,4.05
16,19.35
84,83.8
30,23.25
19,20.05
8,6.05
9,11.95
10,11.95
52,49.85
14,12.85
27,26.0
9,7.65
22,30.25
7,10.55
6,5.05
49,49.3
6,8.05
17,11.7
18,19.95
13,15.45
13,10.0
14,16.9
30,22.2
5,5.9
25,25.6
41,37.35
12,14.85
8,4.65
9,7.1
11,10.2
10,8.1
31,22.65
21,18.55
8,6.2
11,12.35
22,20.35
57,66.0
82,84.6
26,30.75
36,35.7
12,8.95
11,10.6
22,18.0
11,14.3
9,9.2
32,31.75
6,6.7
5,3.35
9,8.3
53,50.4
3,5.65
5,3.5
21,18.7
16,12.15
5,5.5
18,17.55
8,6.4
29,28.75
10,9.2
14,11.8
19,22.4
33,36.35
16,15.55
98,93.0
29,24.4
30,29.35
15,13.75
21,24.75
49,50.4
65,63.85
29,31.2
28,27.85
20,22.7
20,18.05
7,8.35
17,20.05
17,17.35
11,15.15
14,11.15
6,3.85
22,24.7
8,11.0
15,19.9
19,21.5
17,20.05
27,34.45
24,25.05
12,14.0
14,15.35
21,19.4
5,6.95
20,22.45
27,25.95
17,13.75
13,10.85
25,27.35
11,9.3
12,12.15
36,31.4
62,67.6
10,5.95
5,3.55
14,15.25
7,6.8
70,76.65
36,51.0
12,14.05
8,11.85
18,19.5
9,10.25
8,13.85
10,13.55
53,52.6
55,56.3
12,7.2
15,15.25
8,7.2
24,21.6
10,8.15
29,35.95
8,12.75
39,40.5
8,9.15
76,66.4
44,43.8
33,35.4
28,32.25
10,12.25
9,10.5
16,14.15
35,35.75
15,16.55
13,10.35
7,10.6
33,31.75
3,4.95
8,7.6
31,28.7
63,60.65
16,14.0
8,5.45
121,81.0
47,52.5
15,11.9
8,8.05
28,31.85
54,51.75
51,55.8
37,31.25
45,35.25
10,10.6
38,36.3
13,11.3
4,5.75
12,14.65
28,28.1
32,36.15
51,54.05
26,23.65
35,30.9
16,21.05
23,23.3
11,8.6
8,7.5
28,29.55
22,28.85
7,4.95
61,62.95
8,5.75
64,30.75
12,12.45
20,20.0
7,7.9
20,16.1
25,23.45
14,14.3
7,6.55
17,17.95
9,13.1
5,2.75
36,40.2
8,8.1
14,12.45
7,7.1
5,5.25
8,5.35
32,35.35
13,10.8
46,48.75
24,25.15
13,15.25
37,39.45
14,13.75
8,8.55
26,24.55
18,15.45
59,63.4
28,30.4
11,11.15
8,7.0
16,19.95
30,26.75
12,14.35
26,23.1
10,11.35
7,7.55
87,85.6
10,10.35
12,8.6
34,35.3
8,6.85
8,13.25
102,102.95
19,20.75
24,22.8
64,71.35
17,19.65
5,7.85
2,3.85
25,22.75
12,10.35
14,16.9
68,59.85
16,17.9
11,15.35
60,60.6
10,6.95
10,10.2
14,13.35
5,6.55
7,5.45
10,13.65
5,4.45
27,23.1
49,51.8
32,27.3
22,22.8
35,34.95
74,70.9
18,18.15
43,49.05
27,34.05
11,10.3
48,42.25
11,12.2
7,10.55
17,15.6
36,35.85
56,55.1
19,20.3
19,20.05
47,43.7
16,12.1
14,12.0
43,38.15
45,46.1
9,11.5
14,15.7
12,11.75
31,35.25
8,13.1
27,23.8
21,20.2
10,7.45
22,18.0
10,10.9
15,16.65
10,8.4
2,4.65
9,10.0
6,4.9
5,2.85
27,33.9
84,87.15
21,24.0
17,16.05
30,23.85
25,20.2
13,13.15
6,6.7
27,27.2
6,7.85
18,17.8
23,24.15
84,89.7
12,11.15
22,24.45
18,15.05
7,6.95
9,5.0
18,19.7
11,10.15
20,22.5
55,58.45
33,37.85
21,28.0
37,35.65
29,33.35
27,21.65
6,6.6
7,8.1
9,10.2
16,24.7
32,29.3
6,4.45
14,11.85
37,33.2
19,22.15
7,7.95
10,7.6
2,2.6
28,30.15
4,5.1
12,13.1
35,36.05
24,22.0
32,36.75
8,5.8
104,105.85
41,42.4
9,10.35
12,10.6
38,39.65
8,10.15
10,8.35
12,15.05
82,74.55
21,15.95
10,9.85
8,9.65
25,17.25
21,24.6
20,23.3
7,6.65
14,9.1
2,3.5
3,7.5
16,20.25
16,18.75
10,11.55
40,39.6
5,2.15
6,7.0
20,17.5
8,8.05
11,9.45
8,9.4
11,9.35
35,36.15
41,40.05
10,7.55
16,15.5
16,18.6
13,13.55
10,11.4
2,5.2
23,25.4
6,3.95
9,9.0
10,8.2
5,4.6
46,49.0
24,22.5
17,15.15
82,79.1
17,20.65
6,5.0
11,11.75
79,81.05
19,16.8
11,13.3
11,12.7
31,23.95
6,4.7
60,59.05
25,27.7
21,18.9
24,28.6
20,16.4
14,13.5
11,12.3
5,7.25
52,45.5
31,33.75
70,77.25
47,39.35
18,15.6
11,12.95
23,23.95
84,77.7
42,36.6
2,4.3
8,5.65
15,17.5
14,13.9
20,17.65
7,6.45
26,25.5
72,75.85
10,8.05
7,8.1
3,3.2
55,54.3
9,11.95
93,88.55
8,7.75
53,50.95
17,16.5
17,17.65
16,16.8
6,9.2
22,21.1
74,76.05
8,8.1
59,57.4
6,8.65
5,3.8
14,14.0
23,22.55
7,5.4
20,18.4
93,80.05
17,16.45
32,33.05
16,19.2
9,6.75
20,19.1
6,7.7
69,71.55
62,55.3
9,9.35
6,8.2
11,10.65
7,7.9
39,33.0
33,36.9
9,9.85
11,16.3
42,40.35
30,31.75
53,61.8
7,9.8
9,9.9
23,23.4
7,4.9
13,12.95
64,60.65
8,7.7
13,14.3
35,28.95
22,17.3
5,5.35
36,34.3
9,11.0
17,13.35
43,43.4
8,6.35
12,13.25
21,21.85
14,11.3
16,19.45
24,26.9
11,16.7
18,17.15
36,36.0
11,13.0
8,9.75
56,62.0
21,16.55
7,9.85
26,22.45
12,13.3
10,17.95
35,34.05
19,17.4
12,12.7
38,37.6
12,15.95
64,70.8
24,25.45
12,14.4
7,10.05
6,4.85
8,7.2
5,4.4
6,7.65
18,22.25
18,15.75
14,12.3
10,10.0
29,30.2
20,20.0
46,42.45
7,11.1
23,25.75
8,10.0
5,5.05
19,29.35
15,17.1
9,12.15
11,14.5
38,34.4
8,7.75
2,4.3
13,8.85
33,39.35
19,17.25
5,4.95
19,24.0
27,20.0
4,7.7
19,17.9
27,28.7
18,19.0
9,8.45
65,65.65
3,6.2
19,21.9
11,10.1
5,4.9
57,56.2
16,17.6
16,17.15
7,8.4
37,37.15
11,16.5
13,15.5
10,11.55
6,5.8
21,21.45
49,45.65
6,8.95
9,5.95
75,67.4
25,24.7
91,86.35
6,7.8
7,5.65
28,24.65
8,8.7
18,23.35
39,35.45
24,26.3
87,89.75
11,11.8
46,47.85
41,42.8
22,18.55
34,33.25
18,14.65
5,8.95
15,13.75
34,29.75
74,70.85
3,3.25
14,14.8
16,17.4
13,10.5
21,21.45
36,30.45
6,5.15
4,6.8
15,21.05
12,9.6
16,14.25
17,15.65
13,12.1
82,81.05
10,13.35
11,9.45
12,11.75
116,107.35
16,15.6
67,61.35
10,9.55
9,7.0
25,22.1
7,6.75
21,20.5
15,17.65
7,8.55
13,13.2
15,13.9
3,5.85
15,15.55
8,9.25
6,6.55
11,9.1
8,7.25
10,8.8
9,10.3
49,50.55
7,9.8
45,40.7
39,41.2
9,9.6
5,8.2
24,30.6
9,10.45
61,58.55
23,22.65
52,53.8
40,39.7
11,11.7
14,14.05
56,60.5
20,18.95
3,3.7
17,17.85
19,22.6
6,4.8
23,23.15
5,7.85
54,41.75
9,8.4
11,9.65
24,26.6
5,9.9
8,9.7
4,3.65
12,15.35
9,6.1
11,7.25
17,14.95
4,10.95
60,66.05
5,7.35
81,74.2
12,10.05
4,6.95
15,12.7
30,21.3
10,13.25
23,21.35
9,15.75
7,8.25
18,17.15
18,13.1
2,3.75
13,15.05
36,33.15
64,62.1
9,11.65
41,35.4
40,37.5
20,15.4
34,23.05
39,39.35
27,23.2
19,20.3
21,22.15
8,6.4
5,6.8
15,12.0
95,97.15
14,13.85
5,6.05
39,39.85
12,10.3
42,43.1
15,15.6
27,28.1
14,12.95
4,6.3
52,42.3
5,6.15
6,11.0
13,9.55
35,42.5
19,20.3
78,75.2
37,18.2
37,27.85
9,9.2
7,6.1
19,20.25
9,7.05
10,12.05
14,11.75
28,31.35
116,116.05
9,6.7
12,15.0
14,11.7
21,22.8
4,7.1
51,46.35
6,4.5
11,9.4
14,18.5
9,8.1
19,27.4
8,10.4
11,10.45
9,9.8
12,10.75
18,16.85
13,10.8
9,7.75
19,19.8
30,30.7
43,43.95
5,2.95
18,17.0
12,13.6
8,6.6
52,48.05
62,64.55
22,16.4
13,14.25
7,10.25
13,13.3
14,10.0
29,28.3
10,9.15
15,12.95
6,6.45
18,18.0
26,24.35
18,16.25
17,13.25
48,51.85
7,10.0
11,8.3
37,38.7
6,12.55
10,9.4
9,6.0
93,86.8
11,9.8
15,11.8
26,27.8
14,15.1
1,3.65
8,9.25
6,3.95
8,8.3
35,36.3
2,4.4
28,29.1
50,51.1
8,7.05
23,25.3
22,27.15
11,10.85
57,59.1
21,20.2
24,24.5
29,30.8
11,12.7
51,51.1
7,6.0
12,10.05
13,10.55
25,27.0
13,11.5
50,43.5
77,77.05
24,23.05
10,10.3
30,29.4
22,25.15
4,4.55
5,4.2
30,27.1
31,33.05
11,11.25
20,15.8
3,4.55
9,13.9
7,11.05
14,13.05
16,17.45
36,33.85
61,66.75
20,18.35
9,11.55
11,8.15
14,13.8
18,18.55
12,16.1
7,5.85
17,23.4
21,17.5
52,46.15
42,40.7
3,4.45
15,12.55
59,51.65
16,16.35
3,4.95
13,12.1
16,17.55
7,9.55
43,47.55
37,37.55
8,8.6
11,7.9
34,35.7
6,10.0
15,15.0
6,4.35
12,7.6
11,9.55
8,7.15
6,4.55
16,15.95
15,18.05
22,19.45
25,26.8
6,8.4
19,14.2
13,17.75
15,9.0
47,40.9
16,17.6
50,54.35
83,83.05
32,26.65
7,7.15
90,98.3
50,58.75
5,7.9
10,10.3
5,3.65
42,39.9
25,20.4
18,21.15
9,8.65
32,33.9
40,36.25
6,7.25
4,3.2
30,34.2
19,14.9
2,4.25
32,33.3
20,22.05
96,94.85
10,9.9
16,11.3
7,6.6
12,9.85
11,11.5
32,30.4
16,15.9
9,9.75
23,20.15
21,26.95
33,32.0
4,5.9
69,71.0
9,9.65
43,38.75
41,42.0
5,5.5
11,15.4
66,28.2
4,5.7
75,73.45
35,29.6
16,16.55
4,7.5
7,6.15
12,11.2
37,32.1
2,3.45
43,38.4
13,14.35
52,51.15
3,4.65
20,25.25
10,12.5
18,14.3
33,25.75
5,5.5
48,53.15
11,12.15
10,8.5
8,7.9
6,4.35
22,25.1
6,5.05
5,7.6
13,16.15
5,5.35
27,24.65
6,6.75
18,16.05
7,7.8
21,22.35
10,10.6
10,9.7
4,5.0
13,11.9
88,78.8
62,61.8
7,8.35
9,8.0
15,16.45
6,8.0
4,6.0
75,72.05
38,38.2
8,6.5
15,16.1
39,37.25
10,9.1
52,53.8
15,12.6
31,22.6
31,30.95
42,45.55
24,17.9
38,39.65
4,4.15
16,19.25
8,7.15
16,17.95
13,8.45
21,23.15
16,17.0
79,76.65
87,79.3
19,17.65
10,8.8
87,93.9
8,6.6
38,32.75
14,12.35
33,35.3
33,33.4
6,4.9
50,44.65
28,27.25
19,16.65
14,8.7
15,16.8
6,6.05
11,11.5
8,7.65
8,11.5
19,20.15
14,14.65
38,33.85
16,14.45
16,17.7
32,28.3
50,48.1
44,46.05
5,4.75
69,74.15
13,14.95
16,17.3
10,9.85
2,1.7
31,27.2
8,7.4
47,29.15
13,15.25
9,10.95
7,7.2
8,8.25
22,24.45
15,17.3
14,16.4
19,21.15
5,4.85
9,9.15
89,84.75
16,11.65
14,15.0
17,18.6
20,20.45
29,22.4
19,15.3
31,23.35
6,8.2
26,25.9
7,8.7
8,5.9
10,8.35
5,6.6
13,15.65
9,10.0
12,10.0
11,12.85
12,11.5
23,20.3
55,48.7
16,16.55
6,3.55
53,50.15
24,25.05
10,11.35
15,14.85
20,20.55
11,9.7
6,8.55
14,12.85
20,16.65
6,7.95
8,11.15
23,25.1
21,12.9
10,7.75
4,7.05
16,19.9
5,4.5
78,77.65
8,5.85
8,6.6
27,26.3
23,20.45
5,4.85
5,2.5
86,63.6
17,19.1
10,11.05
14,20.85
13,12.4
18,16.25
27,23.75
32,39.65
41,38.55
7,5.85
18,18.7
34,33.1
27,28.15
7,7.7
9,12.8
7,8.5
31,27.25
10,7.5
31,33.65
45,40.2
3,4.65
2,5.05
28,30.65
9,12.75
17,18.2
52,53.15
14,17.65
17,17.2
5,6.15
16,19.05
13,12.15
14,11.95
21,23.35
32,34.15
10,8.7
54,51.6
10,11.75
74,73.35
37,35.8
14,20.2
17,14.35
30,28.05
38,40.65
16,13.75
5,5.65
7,9.5
19,18.3
41,51.3
15,19.7
15,20.35
34,33.2
84,91.3
57,64.9
7,7.8
10,8.9
13,10.75
15,14.55
15,17.15
12,12.2
11,8.9
12,11.35
27,26.8
16,15.9
21,22.7
13,16.6
5,14.35
23,21.75
29,28.15
10,19.45
8,9.85
4,8.75
11,10.1
8,9.3
21,23.7
11,16.8
17,18.15
17,12.55
38,34.4
69,69.95
13,30.2
21,24.55
57,57.2
92,92.75
5,8.15
35,35.85
10,8.55
20,16.1
35,35.15
30,28.0
41,36.9
6,5.7
31,35.05
24,24.15
16,9.8
5,9.6
20,17.7
7,7.75
18,14.4
26,20.45
52,54.45
12,9.05
8,8.2
40,39.95
11,8.05
31,23.6
13,10.55
67,65.0
6,4.55
72,72.85
19,21.7
10,8.7
39,42.8
7,15.2
6,9.2
19,18.0
11,7.85
89,86.45
5,4.9
32,28.2
78,77.05
6,3.6
13,12.95
6,4.4
13,13.0
3,2.65
7,5.55
26,24.05
64,58.35
3,5.3
78,76.1
29,29.3
11,8.65
14,10.95
24,20.95
1,2.85
7,5.9
5,8.45
95,94.3
3,3.35
19,17.55
4,3.1
4,6.4
59,62.5
10,13.65
2,8.05
22,23.85
41,47.4
2,4.65
40,38.8
21,25.1
12,12.05
15,19.4
9,8.65
53,51.95
10,7.25
33,30.75
28,28.1
76,79.9
6,9.95
5,3.55
40,44.25
19,17.95
35,29.35
6,8.0
51,52.3
35,33.4
6,4.5
49,44.4
3,5.8
5,10.7
46,45.8
6,8.15
43,42.45
7,7.25
8,8.6
11,7.9
29,34.2
7,10.9
6,5.55
4,3.35
10,10.8
6,7.55
22,16.75
24,22.45
4,4.5
12,9.5
19,18.35
19,22.9
8,7.6
24,23.6
40,42.55
23,20.8
36,36.0
15,17.2
44,47.05
7,7.75
45,51.15
13,17.85
29,23.55
7,4.65
14,13.4
7,5.3
3,2.9
60,56.6
8,7.9
19,21.6
2,4.95
33,32.15
12,14.5
19,20.95
98,96.15
18,18.2
11,15.35
9,8.15
53,49.8
4,6.55
16,15.7
55,55.2
10,14.65
3,4.05
34,33.75
65,63.45
21,22.7
8,6.6
82,78.1
6,4.85
10,10.3
7,7.6
14,16.0
55,52.55
20,22.45
12,7.6
40,40.2
11,16.4
59,62.05
8,7.35
74,68.25
7,4.9
30,30.3
37,30.65
33,34.1
37,36.65
5,6.05
85,85.5
10,12.75
9,8.05
10,13.3
11,8.05
6,5.55
14,14.75
36,30.85
24,23.0
47,50.65
7,7.05
34,35.35
11,8.55
28,24.8
6,6.35
33,32.35
11,13.25
35,37.65
4,4.95
55,55.75
98,98.65
75,81.1
11,7.2
38,41.05
12,13.75
15,16.3
19,18.75
7,6.25
33,29.2
4,4.4
10,6.15
9,7.65
89,93.35
7,7.25
14,19.85
8,5.95
34,30.1
8,8.7
29,33.65
6,6.7
23,27.3
25,23.3
42,42.15
10,7.3
16,19.55
11,6.95
54,53.15
40,38.3
10,9.25
7,7.65
6,5.1
9,9.35
16,7.3
8,10.7
28,30.95
9,8.75
4,6.0
20,18.9
6,6.65
18,15.5
15,15.6
8,6.9
17,15.25
17,18.95
14,14.3
5,7.35
23,19.0
33,33.95
76,30.2
24,21.7
17,21.15
19,19.7
6,5.5
30,31.15
20,18.0
36,35.8
12,15.85
55,53.8
10,8.7
17,19.25
16,15.0
15,16.25
15,11.55
24,25.35
34,32.9
19,17.35
51,49.9
83,81.0
7,7.85
13,16.1
33,34.05
17,17.1
15,13.95
27,33.15
11,15.95
6,9.95
10,11.65
30,26.45
9,12.5
40,32.4
5,7.2
48,48.9
31,33.75
48,49.0
30,34.5
46,43.7
20,15.25
17,18.65
17,18.5
4,5.5
5,5.2
5,10.35
6,13.35
28,22.8
9,7.25
10,9.1
21,19.55
20,18.4
9,5.0
9,9.5
15,15.7
17,16.6
13,9.6
33,33.45
77,75.05
22,22.6
28,30.9
83,81.2
51,48.25
9,7.35
18,17.2
80,73.7
9,9.2
13,12.45
28,30.2
17,14.55
9,10.9
10,18.25
4,9.35
10,7.9
15,11.65
11,10.0
6,7.35
10,12.5
8,7.0
14,14.6
4,4.75
4,2.65
12,13.1
107,106.6
17,20.45
7,6.5
22,22.05
25,23.35
18,16.35
3,4.2
6,4.05
17,15.25
17,15.6
10,12.8
6,6.4
10,10.05
41,40.55
8,5.35
28,29.7
5,7.5
44,45.35
48,42.45
14,16.6
29,9.7
40,37.6
12,20.7
10,12.5
4,8.1
27,30.1
9,10.35
17,20.55
11,7.75
14,12.6
10,10.0
45,42.45
9,7.85
35,39.5
13,16.9
8,8.35
6,10.8
13,12.6
16,18.7
8,5.75
6,7.6
16,16.85
3,4.05
14,12.35
10,10.65
30,27.7
15,14.1
20,21.0
14,13.6
13,11.6
17,14.35
6,5.5
25,30.2
3,5.45
14,13.7
81,80.55
14,15.3
29,37.8
61,58.3
80,76.7
38,39.8
46,47.9
18,17.95
26,26.5
8,8.15
21,19.5
15,15.8
68,66.1
6,7.25
43,34.35
3,3.4
32,61.2
28,26.45
8,15.25
56,55.45
8,11.55
31,24.65
7,5.5
14,9.55
15,18.55
9,7.05
9,8.8
50,48.75
32,36.05
9,10.55
24,23.0
10,8.55
16,15.05
13,12.15
52,49.7
10,10.9
11,10.2
21,18.4
20,18.45
2,2.8
23,18.6
24,23.9
27,22.95
11,9.25
21,25.85
26,25.65
50,44.6
8,10.8
15,12.1
54,53.2
23,34.3
33,32.25
2,4.8
53,51.65
39,39.95
13,19.7
11,11.0
31,36.4
6,9.2
15,17.3
70,70.0
5,4.05
8,6.1
28,24.2
36,35.8
62,58.8
10,11.0
26,26.5
13,14.45
22,20.7
12,10.4
59,54.85
10,12.35
12,14.3
15,15.0
17,19.7
29,22.8
83,72.1
73,72.95
30,27.15
15,16.7
8,9.6
34,30.2
14,14.55
32,31.85
47,40.1
39,39.75
7,11.4
26,28.1
41,39.8
5,6.85
12,36.0
11,14.55
6,3.45
15,15.7
8,7.55
20,18.45
20,15.2
16,15.0
103,107.7
12,9.05
74,74.25
4,4.15
32,33.35
4,4.05
8,9.35
16,14.3
10,12.5
4,5.15
11,8.25
16,12.85
20,20.65
4,6.9
6,8.2
32,32.85
30,30.75
58,62.9
121,114.15
4,4.9
65,62.25
12,8.35
15,10.1
9,8.85
11,8.7
14,14.1
8,9.85
50,36.65
44,20.5
49,41.95
15,14.9
10,9.0
12,9.05
7,7.3
8,8.8
45,43.25
10,10.4
15,12.75
5,6.3
7,7.45
34,31.95
21,20.55
26,26.3
9,6.25
15,14.15
18,15.15
7,6.65
9,8.2
34,32.8
33,30.4
18,19.95
13,13.2
18,19.05
83,88.25
29,26.35
21,21.1
16,15.85
7,7.8
13,10.7
14,18.35
10,9.55
6,7.0
8,9.55
16,17.8
29,33.95
7,7.7
20,17.6
53,49.8
96,84.75
17,14.35
15,19.4
8,6.2
11,9.7
6,5.6
34,27.3
52,50.1
16,14.0
10,13.15
10,7.3
5,5.85
76,68.9
15,14.1
19,20.2
84,86.65
83,76.55
13,10.55
16,18.35
9,6.15
23,22.85
7,7.7
52,47.2
49,51.05
59,60.75
6,4.75
7,8.2
28,25.45
67,60.45
14,15.8
68,71.15
8,10.3
7,4.75
7,5.0
9,14.5
26,26.6
43,40.75
17,14.9
18,16.35
9,10.05
13,14.15
5,7.2
46,49.65
43,47.0
8,6.8
12,14.95
27,25.25
77,72.75
25,24.55
15,12.15
16,13.75
18,14.45
9,11.0
3,4.1
7,10.6
9,5.95
13,17.0
11,13.0
6,6.25
36,33.45
40,41.3
17,15.8
21,18.75
14,19.2
16,10.15
19,15.7
6,7.25
11,10.05
9,9.65
19,15.45
27,27.55
4,7.35
27,25.95
14,14.35
13,14.1
17,18.75
75,73.1
29,32.75
14,16.65
22,22.5
11,10.45
76,71.65
1,3.2
12,8.1
7,4.1
102,108.9
8,5.3
23,23.95
12,12.4
23,19.7
14,16.05
13,7.25
15,20.1
9,9.5
7,4.95
39,43.8
9,7.45
9,8.05
15,15.4
60,55.5
24,24.6
55,52.75
103,92.0
4,6.5
47,49.25
16,18.6
12,14.0
10,9.3
15,17.8
8,10.8
24,23.9
27,29.15
37,22.95
28,32.55
4,6.4
41,40.25
11,10.2
9,8.55
9,10.7
11,5.55
95,92.7
54,58.3
3,6.9
54,71.3
16,16.5
67,68.15
25,23.25
16,14.3
15,15.15
14,13.95
5,4.75
8,9.1
17,15.2
5,4.4
35,42.1
5,6.2
45,43.45
33,41.15
41,37.15
32,20.3
3,2.7
15,14.45
15,17.95
38,38.95
18,15.95
33,31.85
15,15.8
91,86.85
2,6.15
11,11.7
41,37.15
16,17.4
38,34.7
8,9.35
13,14.1
57,55.6
16,24.1
40,39.7
26,23.95
5,6.9
61,54.8
14,11.9
23,23.25
85,81.85
8,7.45
5,5.7
16,18.6
86,84.0
2,4.3
33,41.0
16,17.45
9,8.7
6,9.85
13,13.45
19,19.3
7,8.5
5,3.5
12,11.8
17,22.25
5,5.7
12,10.1
6,6.35
16,14.7
4,7.35
32,31.4
9,9.05
4,8.1
24,23.7
16,17.1
16,9.45
21,22.9
60,55.75
84,81.1
7,9.8
12,11.3
41,41.65
9,5.95
11,7.9
97,98.5
7,8.25
57,54.9
13,11.8
6,3.25
22,22.25
11,7.55
2,4.45
23,26.55
22,25.3
5,5.05
16,19.45
7,6.65
10,6.85
62,57.3
35,26.7
3,4.2
60,42.1
10,9.9
16,13.15
106,97.0
31,30.55
38,38.5
54,53.7
19,16.95
58,56.75
17,19.15
18,16.85
52,54.5
7,3.6
19,14.75
46,42.0
75,78.85
14,12.85
9,7.35
19,22.15
15,16.25
13,14.05
18,19.05
22,23.95
100,101.8
6,6.75
10,10.1
39,37.55
16,19.75
21,18.2
11,10.05
15,16.55
11,6.55
7,9.7
96,94.55
16,16.5
3,5.1
5,4.9
18,13.55
16,14.4
25,27.25
62,54.9
6,4.45
55,52.95
39,46.7
3,4.5
18,14.6
17,16.85
4,3.35
93,89.45
16,14.4
80,76.3
57,54.6
8,8.75
52,47.55
14,12.35
31,34.8
4,5.0
10,14.3
11,19.8
18,17.9
25,20.85
49,56.9
9,12.45
12,15.85
23,19.9
31,18.55
82,81.3
9,7.4
9,13.2
7,3.95
9,9.7
7,9.75
18,18.75
21,20.25
22,27.05
18,18.5
25,23.85
45,41.8
33,24.4
56,57.35
14,13.4
9,10.0
36,38.3
15,22.65
7,9.65
15,14.0
11,9.85
12,10.95
7,17.3
8,10.7
12,9.15
75,78.3
6,7.05
10,12.35
8,5.6
19,24.3
8,10.6
7,5.35
9,11.25
2,5.85
26,21.4
90,93.8
28,23.9
6,9.95
49,47.15
6,5.4
104,106.35
20,19.65
10,14.75
14,18.1
26,27.15
15,18.5
47,43.5
15,17.15
31,29.0
7,9.7
11,11.75
22,20.45
8,8.55
13,15.75
7,8.15
10,19.65
4,3.75
17,17.05
6,6.4
9,6.35
6,4.3
28,26.3
17,22.9
41,39.8
7,6.3
11,10.6
20,20.75
21,21.05
2,4.0
28,36.6
88,83.6
17,13.6
3,6.35
20,19.6
26,26.9
15,13.7
9,9.55
13,10.75
6,5.25
9,12.1
13,10.8
20,18.4
18,16.05
26,26.8
16,15.75
17,17.85
1,3.6
65,68.05
6,5.1
18,22.1
9,9.45
34,31.05
8,7.05
18,17.3
15,13.9
19,17.35
14,15.1
7,6.95
40,45.45
10,10.9
10,10.65
38,41.85
5,9.25
18,18.25
11,14.6
7,9.1
8,7.4
29,30.25
25,29.0
56,54.25
8,6.6
48,46.0
23,26.4
37,34.65
4,3.4
60,62.35
13,13.0
26,26.15
72,73.55
20,18.8
9,11.25
20,20.45
8,11.85
12,13.0
19,17.7
13,14.05
51,51.4
39,40.2
25,28.25
78,84.7
3,2.65
86,77.8
14,15.5
14,14.3
23,14.65
3,4.5
21,20.2
28,28.1
8,9.05
39,44.8
17,17.75
98,98.45
58,68.15
14,15.8
3,5.25
10,11.5
18,17.3
21,27.05
48,46.7
20,20.75
8,7.65
22,26.7
5,6.65
11,8.95
17,17.2
11,10.2
2,4.0
40,33.3
10,11.85
9,12.95
24,11.75
5,6.0
30,30.3
13,10.95
7,6.25
9,9.2
9,12.15
43,57.65
20,15.6
24,25.8
4,6.55
44,44.0
9,7.4
91,85.95
13,14.45
46,43.4
3,5.25
27,27.0
37,36.8
10,8.75
14,13.6
9,14.0
44,55.25
22,21.0
20,14.8
24,23.75
9,8.65
12,14.25
26,25.1
16,17.05
2,4.8
123,113.45
27,25.95
32,34.9
24,25.95
20,18.9
10,9.0
7,9.9
6,3.35
5,3.35
9,4.95
14,12.65
15,17.4
12,8.5
77,70.5
44,45.6
12,8.25
15,15.75
9,8.15
6,6.15
19,19.9
42,44.6
10,8.55
25,25.5
13,14.4
29,26.6
48,39.45
8,11.6
16,18.7
20,21.45
33,34.7
1,3.75
35,32.95
32,36.5
5,9.25
10,12.35
10,10.05
3,2.8
11,12.9
37,39.0
12,7.35
5,4.35
25,33.2
21,22.15
16,15.55
27,30.05
15,15.05
19,21.4
20,16.85
15,15.4
3,5.9
9,8.85
15,18.45
17,19.25
68,71.55
10,8.55
10,5.45
10,6.95
11,10.3
43,40.9
65,62.9
17,20.4
50,51.35
20,20.3
28,41.5
8,9.2
3,5.9
3,4.0
8,9.55
42,40.25
11,9.55
12,8.2
38,31.45
16,21.1
7,5.05
44,42.65
21,19.8
7,5.9
24,24.65
66,62.55
14,18.0
30,33.05
9,6.6
15,15.35
12,14.45
7,6.35
6,5.15
23,21.15
33,36.1
11,10.05
9,9.05
5,3.5
10,12.4
11,9.95
32,32.4
24,25.6
54,52.1
28,23.8
35,35.05
59,63.4
18,22.7
4,4.5
13,10.8
12,10.95
20,17.15
48,39.15
34,32.65
38,36.05
23,21.65
16,21.55
2,3.6
7,9.5
11,11.8
11,12.5
11,12.25
7,8.8
15,16.3
6,4.3
22,23.6
38,37.35
39,35.65
6,3.7
11,10.45
7,8.4
6,7.2
32,33.5
15,12.65
18,19.0
18,21.6
59,64.25
4,6.1
6,3.65
13,14.75
13,10.95
8,9.8
72,71.55
58,58.75
6,5.0
12,11.75
5,6.55
17,16.6
9,8.4
87,94.35
32,32.05
17,11.0
50,48.6
41,39.55
8,10.7
11,15.4
13,12.9
13,15.0
48,46.2
9,9.35
24,22.1
24,27.3
28,29.3
20,20.1
40,31.65
18,17.15
67,47.25
14,14.0
8,7.05
5,3.3
11,8.15
62,59.4
14,14.05
29,23.75
17,16.3
61,61.55
11,10.6
8,7.3
14,19.65
37,33.65
55,61.1
81,80.8
13,12.05
71,76.55
7,7.95
17,18.5
3,3.3
74,74.0
8,8.95
91,91.5
17,18.45
9,7.2
40,21.6
5,5.55
62,57.55
4,4.65
29,35.7
11,13.25
21,18.5
31,31.1
16,12.75
11,12.25
17,15.35
8,9.0
1,3.45
10,10.9
12,12.0
11,9.75
7,9.2
21,17.25
6,9.15
10,11.4
7,5.6
20,16.5
16,11.7
82,75.65
96,95.05
31,20.6
6,8.4
20,23.8
16,14.85
26,18.7
19,24.15
21,22.8
26,26.55
9,10.0
5,4.55
9,8.95
21,18.35
5,7.3
6,3.85
19,23.2
77,77.95
11,10.3
31,28.4
7,7.7
2,4.1
12,8.55
8,9.4
11,17.35
41,39.9
8,6.85
9,9.55
14,14.0
23,25.8
18,19.1
8,8.55
13,17.2
40,40.2
8,7.5
7,9.1
19,26.9
13,15.85
12,12.5
45,40.25
17,20.55
53,46.1
5,5.35
9,6.35
22,18.75
14,12.9
12,10.8
17,21.45
15,17.9
7,8.75
26,27.45
11,11.6
37,32.8
9,16.2
93,85.6
10,11.75
18,12.9
14,15.5
7,7.6
10,14.35
72,69.9
7,7.1
13,11.35
15,19.1
37,34.15
17,23.05
11,7.8
9,4.05
20,17.85
20,20.0
37,42.65
34,31.0
26,29.15
66,65.3
16,14.1
41,39.4
19,18.8
9,7.7
10,12.9
33,30.7
13,16.75
37,36.95
13,15.4
6,9.4
18,16.3
68,72.75
10,7.9
9,10.25
47,47.05
13,9.85
13,11.5
48,51.35
69,72.85
22,19.4
12,16.05
10,11.6
41,47.7
20,17.35
10,12.75
11,7.35
5,4.55
11,11.6
12,12.15
25,26.3
7,11.05
16,12.5
20,16.25
3,4.8
12,11.0
19,18.65
43,42.7
17,18.3
14,14.65
8,5.0
7,8.1
2,5.6
14,15.85
83,91.85
6,5.3
13,13.0
50,54.2
3,4.55
14,12.6
21,18.95
12,10.85
8,10.25
41,38.5
7,8.75
55,45.75
13,12.85
23,23.8
14,10.3
16,16.45
17,15.6
57,56.9
2,5.2
10,15.4
21,20.55
10,12.9
5,5.85
19,14.95
12,14.25
16,15.2
11,8.8
82,79.1
33,27.15
10,7.6
2,4.0
16,20.75
2,5.25
33,33.65
13,13.4
14,14.65
38,30.05
13,13.25
4,3.1
4,4.35
6,4.45
10,7.35
4,4.45
15,10.85
36,37.8
9,11.15
24,24.05
19,16.65
53,52.75
3,6.5
2,3.95
12,9.1
16,19.3
53,50.4
10,11.5
17,14.3
102,105.7
14,11.6
8,6.35
13,13.95
2,3.6
20,19.8
35,35.3
2,2.05
5,10.75
21,17.1
6,4.65
16,20.0
9,7.85
6,5.4
12,16.2
19,18.9
40,37.05
50,51.3
6,4.15
61,59.7
76,72.35
13,10.2
5,1.8
35,35.2
8,10.05
18,21.6
37,34.35
10,7.25
22,21.8
36,33.25
4,4.4
49,49.2
29,33.85
47,56.8
19,19.05
8,5.35
13,16.2
108,110.7
12,15.35
46,44.3
71,73.6
15,10.95
27,29.2
33,33.55
27,24.0
11,5.5
14,14.3
7,4.95
11,11.3
9,7.65
32,33.65
12,11.1
93,97.55
2,7.15
33,40.7
11,12.5
7,8.9
15,14.05
8,11.15
6,9.5
13,11.35
11,7.8
28,31.25
60,59.75
53,57.6
39,38.95
17,17.7
16,17.4
24,23.75
18,16.7
14,13.95
40,38.05
13,12.05
3,4.7
85,92.4
6,6.55
35,38.75
10,9.7
26,28.2
11,18.75
11,12.25
22,20.8
13,11.75
15,16.55
6,5.35
12,10.8
7,6.6
12,10.8
45,40.4
9,6.75
33,36.55
16,17.25
15,17.05
15,18.85
52,48.4
12,13.15
7,10.95
16,17.6
37,35.4
7,7.55
12,10.8
43,43.45
14,10.9
6,7.55
5,4.3
35,28.0
10,11.45
21,20.1
29,19.6
33,33.5
9,6.85
6,7.8
13,17.25
8,8.15
14,15.25
4,3.85
18,21.2
16,17.95
2,5.25
9,14.05
18,18.1
34,32.6
18,18.35
17,14.6
13,17.45
8,8.65
52,50.6
13,11.3
5,6.35
15,14.25
43,48.5
9,7.9
55,58.35
10,13.35
4,3.5
67,66.2
27,27.3
12,12.5
7,8.2
53,47.15
4,5.8
4,2.8
67,60.5
7,10.05
7,7.75
21,23.9
45,51.75
25,29.65
9,9.05
4,2.75
9,6.0
18,17.5
25,17.8
16,20.65
9,7.75
9,9.6
22,24.55
50,51.05
30,35.8
23,20.2
10,12.75
25,26.3
20,16.0
28,24.95
16,14.2
6,8.05
20,29.5
94,89.45
10,9.0
35,31.45
9,6.35
15,13.1
2,5.55
13,10.45
14,14.5
9,9.25
23,17.05
16,16.35
52,51.05
61,64.35
68,69.9
33,35.6
30,33.45
12,10.55
10,9.3
36,36.7
4,6.2
16,17.5
26,25.6
5,5.9
30,32.8
109,104.2
28,28.75
15,17.0
15,13.75
18,18.35
13,14.1
14,16.35
10,11.45
6,7.5
14,9.5
6,8.8
71,70.3
7,5.25
6,8.7
7,8.35
8,8.9
6,7.15
59,58.8
50,40.8
12,11.25
1,4.75
4,4.0
30,34.35
14,14.75
25,24.75
18,19.7
9,12.55
8,5.85
8,8.65
29,27.15
11,13.7
5,7.9
8,9.3
33,29.3
31,32.5
18,15.45
8,6.6
8,8.0
20,24.35
13,13.55
7,6.85
14,10.7
5,6.85
21,20.7
82,82.35
21,20.0
18,15.1
17,20.45
20,18.85
14,14.6
10,8.35
26,26.5
20,15.55
58,56.85
26,27.7
14,12.15
13,12.6
22,16.8
65,70.05
36,30.1
23,23.65
20,24.3
19,24.95
19,18.65
3,5.25
12,12.8
88,94.35
20,21.45
64,58.75
14,14.45
38,36.55
7,8.55
14,11.65
16,14.3
25,25.55
5,5.3
8,8.85
4,5.4
71,86.45
42,40.95
87,87.6
26,32.35
9,5.75
40,39.4
13,12.8
4,4.5
6,6.6
9,7.75
76,79.85
68,71.9
64,75.2
6,8.2
11,12.5
38,38.7
4,4.95
12,10.05
71,66.8
76,63.0
11,8.4
39,34.4
10,15.3
50,46.8
8,8.25
8,6.5
35,33.85
25,26.7
7,6.9
10,12.55
7,8.35
13,13.35
35,35.35
9,6.85
8,6.0
45,41.1
20,18.8
23,20.0
8,11.2
29,28.8
70,71.05
9,12.1
22,16.8
112,94.55
7,7.25
15,14.95
4,3.75
11,7.15
12,9.85
24,9.95
57,57.55
54,57.8
15,13.25
60,60.5
16,14.9
68,69.15
28,27.95
11,8.6
29,30.4
47,46.25
9,14.3
15,16.4
13,15.6
37,32.1
5,10.1
7,9.05
34,44.5
52,60.5
76,81.3
26,26.7
12,12.05
24,21.55
16,11.4
8,5.8
49,52.6
14,14.05
22,21.2
5,8.25
29,28.25
32,29.85
20,18.2
18,35.25
1,2.9
29,27.9
11,10.5
9,13.2
36,33.85
7,9.55
14,14.6
39,44.3
81,82.0
5,6.35
26,27.15
9,9.15
13,10.65
5,7.05
49,51.05
30,34.95
16,14.55
41,43.05
17,17.6
11,11.6
3,2.95
25,23.55
12,10.75
6,5.55
21,18.6
62,57.95
18,17.8
73,75.9
9,11.35
19,18.75
8,9.75
7,8.2
29,26.05
13,10.65
5,6.5
14,14.75
13,13.7
13,11.25
11,15.9
27,23.7
10,9.6
24,24.7
19,15.8
16,16.9
89,89.25
70,64.5
7,5.15
36,38.2
35,37.7
15,18.95
15,14.55
13,12.5
18,17.4
3,4.75
19,16.6
5,5.65
20,18.85
7,6.0
32,31.75
8,8.8
16,17.9
9,7.1
19,18.05
98,97.25
22,22.85
42,41.3
15,18.85
85,76.1
25,26.25
10,11.8
28,30.65
4,6.9
16,16.15
13,13.85
21,20.85
11,13.9
14,14.85
42,39.75
18,18.05
47,45.75
8,8.2
51,56.3
38,40.65
3,8.5
6,7.9
49,53.05
11,10.55
13,8.8
6,5.05
9,10.7
9,9.75
7,4.7
5,6.85
71,69.55
4,12.85
13,14.5
16,12.0
24,23.5
38,35.15
11,10.55
11,11.65
10,9.45
7,7.15
13,7.45
26,24.95
4,3.7
8,6.25
5,7.35
10,8.85
24,27.15
39,39.25
7,7.15
26,26.2
5,4.85
10,9.45
10,11.1
16,12.3
62,60.9
104,101.0
7,3.15
18,16.7
27,28.7
37,37.35
24,25.7
61,61.2
30,29.9
4,5.6
57,58.6
4,7.9
110,104.7
5,6.1
7,6.85
18,16.85
16,16.15
23,24.15
42,40.7
24,27.65
30,26.55
47,46.35
12,12.95
29,35.2
40,40.7
18,18.05
11,13.6
12,14.55
19,17.75
23,23.5
10,10.05
8,7.8
19,17.45
5,7.9
31,26.6
11,15.9
22,24.05
12,9.1
6,5.95
14,13.3
52,57.6
12,12.1
10,14.25
7,7.05
39,39.9
37,34.6
5,8.3
13,14.65
27,23.95
2,3.15
26,22.65
4,8.05
74,67.5
11,10.35
11,9.8
13,11.35
11,13.15
13,11.8
53,54.55
19,18.65
57,58.5
6,6.45
26,26.45
9,7.65
55,51.45
21,18.6
6,8.5
46,44.85
13,8.95
11,12.6
17,16.2
20,18.5
16,13.2
17,14.95
52,52.7
26,31.85
7,11.0
77,79.4
9,6.45
5,3.9
34,33.7
38,33.7
8,8.4
12,9.0
4,4.25
11,9.75
20,19.9
9,7.9
62,61.75
17,17.55
47,47.7
7,6.85
6,6.85
18,20.25
57,57.6
19,22.05
8,6.9
27,26.9
15,18.6
16,13.15
16,12.95
54,52.95
11,8.4
4,5.8
34,38.9
3,5.8
9,11.9
13,16.0
11,12.45
33,33.35
7,7.75
24,27.4
8,7.85
16,14.65
14,13.5
14,14.85
52,46.7
29,26.0
4,3.8
12,12.9
19,20.5
11,15.25
17,19.55
15,9.2
45,43.0
50,48.45
14,12.9
9,11.5
8,7.85
6,7.7
7,7.65
20,21.55
21,15.7
4,3.9
10,9.95
2,6.15
5,8.5
52,43.1
5,4.15
5,8.3
30,27.2
15,16.6
23,23.8
61,56.3
16,14.3
14,16.35
3,5.65
25,26.6
6,3.9
30,29.8
11,9.5
11,8.0
18,16.95
3,6.7
21,15.6
19,12.25
21,20.0
26,24.15
13,20.45
34,31.05
35,34.75
46,42.8
14,14.55
6,4.15
11,10.2
8,8.55
10,14.55
19,18.95
49,48.6
83,81.7
6,8.85
113,113.8
12,9.8
12,10.85
17,9.05
14,14.0
33,30.8
12,11.9
18,16.15
51,57.0
12,10.55
12,15.7
24,24.45
14,16.0
7,8.9
56,54.75
15,16.35
7,11.1
16,20.5
19,15.05
8,6.15
48,49.3
14,12.3
15,14.5
44,57.15
19,15.8
50,50.65
8,6.9
11,11.4
12,15.25
17,15.9
31,36.15
27,29.6
37,36.25
16,15.6
19,18.75
54,58.25
6,6.55
20,19.8
27,26.65
9,12.45
21,21.05
21,15.8
11,8.6
1,2.95
17,20.4
26,28.3
76,81.1
5,3.9
32,30.9
6,9.9
42,40.75
18,13.8
15,17.55
16,16.35
14,16.6
61,60.9
11,11.3
19,19.05
18,19.15
22,23.3
6,7.25
19,20.3
5,4.9
18,13.9
12,10.85
68,72.0
10,15.1
23,23.5
92,92.25
82,74.7
5,7.35
7,4.6
26,21.55
64,61.5
5,12.6
14,13.9
18,19.8
55,50.45
30,29.15
11,11.8
16,13.8
18,13.65
9,13.6
14,16.55
9,8.55
19,17.25
20,16.7
13,15.95
40,43.6
14,11.1
18,16.25
21,23.2
9,12.45
9,7.8
1,3.05
9,7.95
24,29.4
9,18.9
24,24.1
19,29.7
12,9.65
26,26.3
17,12.4
5,6.35
15,18.6
14,17.45
3,4.4
20,20.55
8,5.45
17,18.75
24,25.0
28,29.1
44,40.1
39,38.9
34,33.35
40,41.55
15,16.95
40,39.7
9,10.4
34,31.8
55,55.45
8,6.6
22,24.35
66,69.3
11,14.25
4,2.15
14,13.55
7,5.8
7,9.05
18,17.2
6,7.05
6,7.55
16,18.6
15,14.0
44,48.25
25,25.4
8,8.0
13,16.1
80,73.85
6,3.4
36,43.6
19,23.4
45,39.95
12,11.5
6,7.15
15,14.15
25,30.3
8,9.5
8,5.5
4,7.95
5,5.9
13,8.35
37,53.85
13,11.25
68,70.4
20,17.1
22,18.0
10,11.4
15,12.6
37,37.45
11,15.9
9,9.55
12,10.0
3,6.15
58,58.25
13,16.8
24,25.25
36,38.8
6,5.3
61,58.45
8,8.5
12,11.85
13,14.5
31,30.7
3,4.5
12,13.4
10,10.65
74,76.95
9,10.95
35,32.35
38,39.0
6,7.6
11,8.2
54,59.25
33,34.7
41,45.65
10,9.5
29,31.9
10,9.75
27,28.1
17,12.5
49,40.4
36,36.7
41,42.15
62,58.25
26,25.25
8,8.9
6,7.0
17,13.1
12,13.85
76,79.55
14,14.3
13,15.15
7,10.4
23,25.65
14,18.0
35,33.85
16,15.55
6,5.1
19,17.2
11,8.45
7,9.6
17,21.2
9,18.85
15,12.85
6,9.15
20,8.2
44,43.4
52,45.9
73,72.25
9,8.65
12,14.6
9,10.6
10,12.1
8,11.1
14,18.25
6,7.25
43,38.7
8,9.15
6,6.95
36,30.1
11,15.05
84,83.75
43,45.2
3,4.65
10,15.65
89,86.85
8,12.6
6,9.2
8,10.45
18,18.6
26,25.6
6,4.55
15,13.15
96,97.6
69,72.0
6,5.3
52,49.0
7,4.1
27,25.95
10,11.3
30,29.2
6,13.05
13,12.5
18,17.1
39,37.1
10,6.8
4,7.0
11,10.75
7,6.85
63,53.1
63,62.2
5,8.95
40,39.95
20,23.65
16,15.05
39,36.8
26,28.2
23,17.35
33,30.25
4,4.75
23,25.45
19,18.9
44,53.65
13,13.1
23,19.55
19,20.75
13,16.65
12,15.05
63,65.9
20,20.8
56,59.35
10,11.65
78,74.55
29,31.55
30,27.1
8,9.05
11,9.7
12,13.9
15,9.85
7,7.0
12,13.95
18,19.0
54,53.75
16,16.05
8,10.8
87,86.45
17,17.2
4,2.35
14,13.35
40,42.1
9,6.35
14,14.8
25,28.25
67,66.6
38,38.5
11,13.75
13,13.55
8,6.65
11,11.85
9,7.3
35,29.95
12,10.55
16,12.85
6,7.05
10,7.2
14,14.95
13,14.6
15,15.2
7,9.5
3,4.3
26,26.1
12,10.2
10,10.3
6,7.35
21,23.35
7,8.35
14,12.4
48,51.35
13,14.55
16,10.25
14,14.85
17,13.4
9,14.15
6,6.8
8,7.4
52,49.35
45,44.2
29,10.15
8,8.2
26,19.8
35,34.0
24,22.55
37,33.95
19,19.55
7,10.05
51,54.5
52,48.25
5,4.55
36,35.35
3,4.05
29,31.45
86,93.7
79,82.6
23,19.55
36,36.05
14,13.7
44,40.25
2,3.5
34,29.8
4,3.85
21,24.05
102,100.35
24,24.65
81,74.1
17,20.5
96,94.0
5,5.8
30,32.3
16,14.5
3,6.7
17,19.55
89,90.25
40,41.2
65,66.6
8,8.75
10,11.25
77,74.6
18,13.0
31,38.95
10,9.0
19,14.5
50,51.6
6,8.35
14,18.6
13,10.0
5,5.85
38,39.3
5,4.65
11,9.7
37,38.35
20,17.1
12,14.15
6,8.35
20,17.25
31,27.75
17,15.9
64,67.9
12,13.8
8,7.7
42,44.5
39,41.1
17,16.9
5,8.9
13,11.6
101,106.0
25,26.55
8,11.35
15,13.85
14,16.85
16,15.15
19,21.3
58,57.25
45,45.75
40,42.35
36,39.35
11,9.25
81,79.65
10,20.15
96,91.0
22,22.75
28,28.85
17,19.4
7,6.45
8,12.25
17,16.9
15,16.45
22,27.25
9,15.35
16,13.8
16,15.45
22,23.6
5,7.45
72,65.4
82,84.9
6,3.6
11,7.15
7,6.25
27,30.85
23,19.8
6,7.25
6,5.45
10,8.35
11,8.85
8,5.85
16,15.1
9,9.65
18,17.6
39,37.95
6,4.4
7,6.2
43,50.75
10,8.1
15,20.7
17,16.0
25,26.3
15,13.25
8,9.45
9,6.6
6,7.25
51,42.4
6,8.95
11,7.55
14,10.95
30,33.2
8,9.3
8,8.8
4,7.15
62,54.65
20,9.5
11,10.7
12,13.25
27,31.6
31,29.75
54,28.3
5,4.45
15,12.55
22,38.75
30,29.75
17,15.4
10,13.2
3,3.7
13,13.45
9,11.15
30,25.95
15,18.35
3,4.25
8,8.0
12,15.9
10,11.3
17,17.55
16,15.25
25,22.3
19,19.55
5,8.0
6,5.4
20,21.1
14,16.4
7,4.1
7,9.3
6,15.8
7,6.7
15,14.0
13,9.95
10,8.95
66,68.25
10,11.6
22,19.3
29,22.25
10,11.4
12,15.75
28,26.55
74,71.4
18,17.25
6,7.5
2,4.05
92,83.5
15,14.35
7,7.15
8,7.6
22,18.2
44,44.3
16,15.65
12,14.9
14,14.1
24,21.75
5,6.35
12,12.2
4,3.75
9,5.95
36,37.05
17,20.95
24,27.6
30,35.0
16,15.65
5,4.25
36,32.35
12,9.05
14,13.6
21,21.6
21,20.65
8,9.85
24,25.7
18,16.35
28,28.45
60,56.95
51,52.35
21,26.85
117,112.05
25,25.5
18,19.0
14,14.4
76,72.55
20,17.4
26,32.65
25,26.45
24,23.3
32,36.25
13,15.2
13,8.45
9,12.5
5,6.45
25,21.8
16,19.1
7,10.15
40,37.05
82,75.05
19,17.95
15,8.9
62,59.2
21,22.9
23,28.35
8,7.65
12,17.2
16,12.7
9,8.4
16,10.2
14,13.15
30,36.65
7,4.05
8,10.75
3,5.5
5,6.3
34,27.0
13,11.7
15,14.25
35,32.55
6,4.6
9,5.85
20,21.85
13,11.1
5,5.8
8,12.15
8,9.0
11,4.7
78,77.8
78,74.3
6,7.35
6,7.2
7,7.1
1,3.95
13,10.6
11,13.35
10,6.6
20,18.65
9,8.5
12,11.65
9,14.5
9,7.3
32,37.15
33,35.4
26,26.85
6,3.3
16,15.0
23,24.65
27,28.75
25,21.85
27,24.3
10,9.5
4,6.8
7,6.55
86,84.9
10,9.2
12,17.45
6,5.4
7,5.85
19,19.65
33,27.25
51,53.65
19,18.8
10,8.05
14,13.3
9,11.65
46,43.85
16,16.2
6,6.95
6,8.35
12,13.1
31,35.1
18,18.2
6,4.35
9,10.2
62,63.8
29,28.35
6,6.45
16,20.5
38,24.9
13,7.7
22,24.85
15,13.45
12,12.55
54,51.1
31,30.3
12,14.65
5,7.55
16,16.05
7,7.05
22,26.2
40,33.3
8,7.2
3,3.25
14,10.35
44,46.5
14,20.95
10,14.0
10,11.9
16,16.9
71,67.45
44,39.65
21,18.15
23,22.45
45,44.55
18,19.05
79,79.25
62,61.25
17,15.3
44,46.55
9,7.45
29,30.85
23,19.85
10,8.85
3,9.1
31,26.25
19,24.0
10,11.0
48,41.75
5,6.1
20,18.65
24,25.6
32,22.45
8,6.05
13,14.9
10,9.05
40,39.8
9,11.6
48,42.2
19,27.25
18,17.55
67,63.4
59,57.8
15,16.6
20,16.9
48,52.05
9,14.55
14,13.6
10,11.95
9,9.65
6,3.05
18,13.25
87,88.5
33,31.9
12,13.15
28,28.2
9,10.4
12,11.4
11,5.65
32,30.45
12,20.05
13,15.8
74,60.85
18,17.5
37,41.95
12,10.95
30,30.55
18,15.5
42,45.5
29,28.9
11,9.7
12,13.8
4,6.45
16,20.2
11,9.8
15,14.55
7,8.4
14,12.4
14,9.45
21,31.2
15,10.1
13,14.8
14,13.15
18,22.2
9,7.2
10,8.55
23,28.2
32,36.25
2,3.65
4,6.95
11,9.5
19,16.85
36,44.35
12,12.1
34,34.45
10,7.4
8,7.65
34,34.55
82,79.85
10,15.9
64,63.85
3,5.75
18,15.2
16,13.55
6,9.0
21,18.2
76,69.7
54,56.75
13,9.35
33,32.55
8,7.3
15,10.85
53,52.25
34,34.65
9,8.7
85,82.05
8,7.7
17,16.2
58,58.0
15,10.75
2,5.05
5,8.8
16,16.55
26,22.05
14,14.6
14,16.2
9,10.35
5,9.45
16,16.45
10,8.85
33,37.35
15,14.1
80,87.4
46,50.15
25,19.8
13,9.3
23,18.45
17,14.6
10,10.35
5,6.0
13,10.85
6,6.1
19,17.5
5,7.85
43,34.3
5,5.1
13,15.85
6,7.15
11,8.6
13,21.85
66,67.55
14,13.2
64,59.8
12,12.35
18,15.6
31,45.5
19,16.35
44,41.1
15,13.5
6,6.75
15,14.45
6,7.65
14,14.6
21,16.35
2,4.05
10,8.45
10,8.25
16,16.2
30,38.1
38,33.5
21,19.2
20,16.05
58,63.25
6,5.1
14,13.85
17,18.3
2,2.55
14,14.05
8,6.75
9,12.2
22,35.8
26,24.35
13,13.75
44,43.85
55,63.15
103,82.75
17,13.4
9,11.5
30,29.95
4,4.95
11,9.25
40,37.7
12,12.45
25,27.95
22,21.5
61,56.4
38,38.1
20,20.7
3,5.7
15,16.3
65,63.25
52,50.75
33,32.4
28,28.25
60,61.6
6,5.8
16,16.9
61,59.0
48,57.15
40,37.5
76,77.9
7,4.4
28,26.5
37,34.15
7,7.5
7,5.5
8,6.6
18,15.75
110,111.0
32,32.35
11,7.75
6,6.55
12,11.1
19,19.45
11,11.75
7,7.65
11,7.15
23,26.3
17,20.6
7,6.55
21,17.55
2,5.0
4,2.65
40,36.95
55,61.75
23,22.25
12,10.8
4,4.15
17,14.7
6,4.5
10,6.65
19,16.2
10,12.4
33,36.9
19,36.75
8,12.65
10,12.95
16,16.55
5,2.5
15,15.1
25,21.85
81,75.95
20,20.8
36,35.55
17,19.3
14,11.55
55,56.05
29,24.3
11,10.4
9,7.6
10,10.2
7,9.55
26,27.95
9,10.55
34,26.6
4,4.2
49,51.2
12,14.0
30,31.8
16,17.9
7,5.45
25,18.55
20,14.9
9,8.25
17,14.1
